layer,format,transform,qsnr_w_db,qsnr_x_db,qsnr_y_db,reason,W_std,W_max_abs,W_crest,W_crest_rms,W_kurtosis,W_n,X_std,X_max_abs,X_crest,X_crest_rms,X_kurtosis,X_n,Y_std,Y_max_abs,Y_crest,Y_crest_rms,Y_kurtosis,Y_n
embed,INT4,base,20.421519556793314,19.287530682940435,17.976600904084393,,0.11211745057736629,0.3149096965789795,2.8087482809973197,2.808542504308916,-0.9376479733878504,3584,0.30709315108696966,1.0,3.256340939094396,3.001203573761757,2.9936282207623988,200704,0.19546154788103992,1.5251336097717285,7.8027296228102205,7.798502679654167,1.605934724742605,917504
embed,INT4,smooth,10.88796262724707,25.127665128438377,21.18946217123536,,0.11211745057736629,0.3149096965789795,2.8087482809973197,2.808542504308916,-0.9376479733878504,3584,0.30709315108696966,1.0,3.256340939094396,3.001203573761757,2.9936282207623988,200704,0.19546154788103992,1.5251336097717285,7.8027296228102205,7.798502679654167,1.605934724742605,917504
embed,INT4,had,,,,HAD requires power-of-2 in_features,0.11211745057736629,0.3149096965789795,2.8087482809973197,2.808542504308916,-0.9376479733878504,3584,0.30709315108696966,1.0,3.256340939094396,3.001203573761757,2.9936282207623988,200704,0.19546154788103992,1.5251336097717285,7.8027296228102205,7.798502679654167,1.605934724742605,917504
embed,FP4,base,18.981028696509203,13.108451376319806,13.54403267430271,,0.11211745057736629,0.3149096965789795,2.8087482809973197,2.808542504308916,-0.9376479733878504,3584,0.30709315108696966,1.0,3.256340939094396,3.001203573761757,2.9936282207623988,200704,0.19546154788103992,1.5251336097717285,7.8027296228102205,7.798502679654167,1.605934724742605,917504
embed,FP4,smooth,10.677101105107258,16.304534215802075,15.11021606968213,,0.11211745057736629,0.3149096965789795,2.8087482809973197,2.808542504308916,-0.9376479733878504,3584,0.30709315108696966,1.0,3.256340939094396,3.001203573761757,2.9936282207623988,200704,0.19546154788103992,1.5251336097717285,7.8027296228102205,7.798502679654167,1.605934724742605,917504
embed,FP4,had,,,,HAD requires power-of-2 in_features,0.11211745057736629,0.3149096965789795,2.8087482809973197,2.808542504308916,-0.9376479733878504,3584,0.30709315108696966,1.0,3.256340939094396,3.001203573761757,2.9936282207623988,200704,0.19546154788103992,1.5251336097717285,7.8027296228102205,7.798502679654167,1.605934724742605,917504
embed,NF4,base,21.391572539536853,24.98852074950054,20.000179993308507,,0.11211745057736629,0.3149096965789795,2.8087482809973197,2.808542504308916,-0.9376479733878504,3584,0.30709315108696966,1.0,3.256340939094396,3.001203573761757,2.9936282207623988,200704,0.19546154788103992,1.5251336097717285,7.8027296228102205,7.798502679654167,1.605934724742605,917504
embed,NF4,smooth,10.864280473030464,23.152475879965454,19.15934931040817,,0.11211745057736629,0.3149096965789795,2.8087482809973197,2.808542504308916,-0.9376479733878504,3584,0.30709315108696966,1.0,3.256340939094396,3.001203573761757,2.9936282207623988,200704,0.19546154788103992,1.5251336097717285,7.8027296228102205,7.798502679654167,1.605934724742605,917504
embed,NF4,had,,,,HAD requires power-of-2 in_features,0.11211745057736629,0.3149096965789795,2.8087482809973197,2.808542504308916,-0.9376479733878504,3584,0.30709315108696966,1.0,3.256340939094396,3.001203573761757,2.9936282207623988,200704,0.19546154788103992,1.5251336097717285,7.8027296228102205,7.798502679654167,1.605934724742605,917504
embed,NVFP4,base,18.969595008760777,23.89772398171507,17.82841628454801,,0.11211745057736629,0.3149096965789795,2.8087482809973197,2.808542504308916,-0.9376479733878504,3584,0.30709315108696966,1.0,3.256340939094396,3.001203573761757,2.9936282207623988,200704,0.19546154788103992,1.5251336097717285,7.8027296228102205,7.798502679654167,1.605934724742605,917504
embed,NVFP4,smooth,10.666766405423305,18.05406454244515,16.17602365054519,,0.11211745057736629,0.3149096965789795,2.8087482809973197,2.808542504308916,-0.9376479733878504,3584,0.30709315108696966,1.0,3.256340939094396,3.001203573761757,2.9936282207623988,200704,0.19546154788103992,1.5251336097717285,7.8027296228102205,7.798502679654167,1.605934724742605,917504
embed,NVFP4,had,,,,HAD requires power-of-2 in_features,0.11211745057736629,0.3149096965789795,2.8087482809973197,2.808542504308916,-0.9376479733878504,3584,0.30709315108696966,1.0,3.256340939094396,3.001203573761757,2.9936282207623988,200704,0.19546154788103992,1.5251336097717285,7.8027296228102205,7.798502679654167,1.605934724742605,917504
embed,MXINT4,base,20.421519556793314,19.287530682940435,17.976600904084393,,0.11211745057736629,0.3149096965789795,2.8087482809973197,2.808542504308916,-0.9376479733878504,3584,0.30709315108696966,1.0,3.256340939094396,3.001203573761757,2.9936282207623988,200704,0.19546154788103992,1.5251336097717285,7.8027296228102205,7.798502679654167,1.605934724742605,917504
embed,MXINT4,smooth,10.88796262724707,25.127665128438377,21.18946217123536,,0.11211745057736629,0.3149096965789795,2.8087482809973197,2.808542504308916,-0.9376479733878504,3584,0.30709315108696966,1.0,3.256340939094396,3.001203573761757,2.9936282207623988,200704,0.19546154788103992,1.5251336097717285,7.8027296228102205,7.798502679654167,1.605934724742605,917504
embed,MXINT4,had,,,,HAD requires power-of-2 in_features,0.11211745057736629,0.3149096965789795,2.8087482809973197,2.808542504308916,-0.9376479733878504,3584,0.30709315108696966,1.0,3.256340939094396,3.001203573761757,2.9936282207623988,200704,0.19546154788103992,1.5251336097717285,7.8027296228102205,7.798502679654167,1.605934724742605,917504
embed,MXFP4,base,18.981028696509203,13.108451376319806,13.54403267430271,,0.11211745057736629,0.3149096965789795,2.8087482809973197,2.808542504308916,-0.9376479733878504,3584,0.30709315108696966,1.0,3.256340939094396,3.001203573761757,2.9936282207623988,200704,0.19546154788103992,1.5251336097717285,7.8027296228102205,7.798502679654167,1.605934724742605,917504
embed,MXFP4,smooth,10.677101105107258,16.304534215802075,15.11021606968213,,0.11211745057736629,0.3149096965789795,2.8087482809973197,2.808542504308916,-0.9376479733878504,3584,0.30709315108696966,1.0,3.256340939094396,3.001203573761757,2.9936282207623988,200704,0.19546154788103992,1.5251336097717285,7.8027296228102205,7.798502679654167,1.605934724742605,917504
embed,MXFP4,had,,,,HAD requires power-of-2 in_features,0.11211745057736629,0.3149096965789795,2.8087482809973197,2.808542504308916,-0.9376479733878504,3584,0.30709315108696966,1.0,3.256340939094396,3.001203573761757,2.9936282207623988,200704,0.19546154788103992,1.5251336097717285,7.8027296228102205,7.798502679654167,1.605934724742605,917504
encoder.layers.0.linear1,INT4,base,16.994390876707183,16.75364574212256,17.31703151944277,,0.06084066288316402,0.23395709693431854,3.8454067698703485,3.8453898978734857,-0.5699857602855887,32768,0.9983785339696454,4.61221170425415,4.6197023947575975,4.619698900315242,-0.1466200572186347,950272,1.0192342346599184,5.4479875564575195,5.345177164575242,4.480734717664171,0.255445584818891,1900544
encoder.layers.0.linear1,INT4,smooth,17.344576957462433,16.06655612988643,17.11974930791516,,0.06084066288316402,0.23395709693431854,3.8454067698703485,3.8453898978734857,-0.5699857602855887,32768,0.9983785339696454,4.61221170425415,4.6197023947575975,4.619698900315242,-0.1466200572186347,950272,1.0192342346599184,5.4479875564575195,5.345177164575242,4.480734717664171,0.255445584818891,1900544
encoder.layers.0.linear1,INT4,had,16.19916923067322,16.06888184692988,16.486480222289128,,0.06084066288316402,0.23395709693431854,3.8454067698703485,3.8453898978734857,-0.5699857602855887,32768,0.9983785339696454,4.61221170425415,4.6197023947575975,4.619698900315242,-0.1466200572186347,950272,1.0192342346599184,5.4479875564575195,5.345177164575242,4.480734717664171,0.255445584818891,1900544
encoder.layers.0.linear1,FP4,base,19.050223662481105,19.02246092872445,19.275100020454175,,0.06084066288316402,0.23395709693431854,3.8454067698703485,3.8453898978734857,-0.5699857602855887,32768,0.9983785339696454,4.61221170425415,4.6197023947575975,4.619698900315242,-0.1466200572186347,950272,1.0192342346599184,5.4479875564575195,5.345177164575242,4.480734717664171,0.255445584818891,1900544
encoder.layers.0.linear1,FP4,smooth,19.217776771113822,18.915131045565296,19.377817329077725,,0.06084066288316402,0.23395709693431854,3.8454067698703485,3.8453898978734857,-0.5699857602855887,32768,0.9983785339696454,4.61221170425415,4.6197023947575975,4.619698900315242,-0.1466200572186347,950272,1.0192342346599184,5.4479875564575195,5.345177164575242,4.480734717664171,0.255445584818891,1900544
encoder.layers.0.linear1,FP4,had,18.549418900351913,18.443526744179103,18.41796428191185,,0.06084066288316402,0.23395709693431854,3.8454067698703485,3.8453898978734857,-0.5699857602855887,32768,0.9983785339696454,4.61221170425415,4.6197023947575975,4.619698900315242,-0.1466200572186347,950272,1.0192342346599184,5.4479875564575195,5.345177164575242,4.480734717664171,0.255445584818891,1900544
encoder.layers.0.linear1,NF4,base,20.818159586159588,20.47394936075865,20.984180819711224,,0.06084066288316402,0.23395709693431854,3.8454067698703485,3.8453898978734857,-0.5699857602855887,32768,0.9983785339696454,4.61221170425415,4.6197023947575975,4.619698900315242,-0.1466200572186347,950272,1.0192342346599184,5.4479875564575195,5.345177164575242,4.480734717664171,0.255445584818891,1900544
encoder.layers.0.linear1,NF4,smooth,20.77564189301458,20.553812644395638,21.01303708756355,,0.06084066288316402,0.23395709693431854,3.8454067698703485,3.8453898978734857,-0.5699857602855887,32768,0.9983785339696454,4.61221170425415,4.6197023947575975,4.619698900315242,-0.1466200572186347,950272,1.0192342346599184,5.4479875564575195,5.345177164575242,4.480734717664171,0.255445584818891,1900544
encoder.layers.0.linear1,NF4,had,20.350243314468003,20.40618443787675,20.674655118747257,,0.06084066288316402,0.23395709693431854,3.8454067698703485,3.8453898978734857,-0.5699857602855887,32768,0.9983785339696454,4.61221170425415,4.6197023947575975,4.619698900315242,-0.1466200572186347,950272,1.0192342346599184,5.4479875564575195,5.345177164575242,4.480734717664171,0.255445584818891,1900544
encoder.layers.0.linear1,NVFP4,base,19.090988906933426,16.36921904164418,17.894304267044923,,0.06084066288316402,0.23395709693431854,3.8454067698703485,3.8453898978734857,-0.5699857602855887,32768,0.9983785339696454,4.61221170425415,4.6197023947575975,4.619698900315242,-0.1466200572186347,950272,1.0192342346599184,5.4479875564575195,5.345177164575242,4.480734717664171,0.255445584818891,1900544
encoder.layers.0.linear1,NVFP4,smooth,19.2395334752688,18.93879808815826,19.43268279046922,,0.06084066288316402,0.23395709693431854,3.8454067698703485,3.8453898978734857,-0.5699857602855887,32768,0.9983785339696454,4.61221170425415,4.6197023947575975,4.619698900315242,-0.1466200572186347,950272,1.0192342346599184,5.4479875564575195,5.345177164575242,4.480734717664171,0.255445584818891,1900544
encoder.layers.0.linear1,NVFP4,had,18.024190034843752,18.121527712072194,18.267505287459024,,0.06084066288316402,0.23395709693431854,3.8454067698703485,3.8453898978734857,-0.5699857602855887,32768,0.9983785339696454,4.61221170425415,4.6197023947575975,4.619698900315242,-0.1466200572186347,950272,1.0192342346599184,5.4479875564575195,5.345177164575242,4.480734717664171,0.255445584818891,1900544
encoder.layers.0.linear1,MXINT4,base,18.525181942837563,17.544444627949417,18.46914907392868,,0.06084066288316402,0.23395709693431854,3.8454067698703485,3.8453898978734857,-0.5699857602855887,32768,0.9983785339696454,4.61221170425415,4.6197023947575975,4.619698900315242,-0.1466200572186347,950272,1.0192342346599184,5.4479875564575195,5.345177164575242,4.480734717664171,0.255445584818891,1900544
encoder.layers.0.linear1,MXINT4,smooth,18.244701668938095,17.682826827131578,18.40181659882671,,0.06084066288316402,0.23395709693431854,3.8454067698703485,3.8453898978734857,-0.5699857602855887,32768,0.9983785339696454,4.61221170425415,4.6197023947575975,4.619698900315242,-0.1466200572186347,950272,1.0192342346599184,5.4479875564575195,5.345177164575242,4.480734717664171,0.255445584818891,1900544
encoder.layers.0.linear1,MXINT4,had,18.276753869054925,18.334749278735615,18.717563032269318,,0.06084066288316402,0.23395709693431854,3.8454067698703485,3.8453898978734857,-0.5699857602855887,32768,0.9983785339696454,4.61221170425415,4.6197023947575975,4.619698900315242,-0.1466200572186347,950272,1.0192342346599184,5.4479875564575195,5.345177164575242,4.480734717664171,0.255445584818891,1900544
encoder.layers.0.linear1,MXFP4,base,18.78009931621844,18.807728984362893,18.555905337075767,,0.06084066288316402,0.23395709693431854,3.8454067698703485,3.8453898978734857,-0.5699857602855887,32768,0.9983785339696454,4.61221170425415,4.6197023947575975,4.619698900315242,-0.1466200572186347,950272,1.0192342346599184,5.4479875564575195,5.345177164575242,4.480734717664171,0.255445584818891,1900544
encoder.layers.0.linear1,MXFP4,smooth,18.995909136196897,18.60821175013988,18.598738691213434,,0.06084066288316402,0.23395709693431854,3.8454067698703485,3.8453898978734857,-0.5699857602855887,32768,0.9983785339696454,4.61221170425415,4.6197023947575975,4.619698900315242,-0.1466200572186347,950272,1.0192342346599184,5.4479875564575195,5.345177164575242,4.480734717664171,0.255445584818891,1900544
encoder.layers.0.linear1,MXFP4,had,18.758691966976553,18.698674431594,18.32757350180843,,0.06084066288316402,0.23395709693431854,3.8454067698703485,3.8453898978734857,-0.5699857602855887,32768,0.9983785339696454,4.61221170425415,4.6197023947575975,4.619698900315242,-0.1466200572186347,950272,1.0192342346599184,5.4479875564575195,5.345177164575242,4.480734717664171,0.255445584818891,1900544
encoder.layers.0.linear2,INT4,base,15.5434689366725,15.651958727616293,16.86913440648279,,0.0473079418157446,0.20766860246658325,4.38971966430949,4.389682483421915,-0.28391248191968144,32768,0.35026768217982146,3.8630149364471436,11.028750675501765,10.150962283878304,10.061528596814092,1900544,0.45945303131002624,2.9186480045318604,6.352440414224707,6.351332632216329,0.9272121344266937,950272
encoder.layers.0.linear2,INT4,smooth,15.32586039528715,16.166847079249937,17.378456851138054,,0.0473079418157446,0.20766860246658325,4.38971966430949,4.389682483421915,-0.28391248191968144,32768,0.35026768217982146,3.8630149364471436,11.028750675501765,10.150962283878304,10.061528596814092,1900544,0.45945303131002624,2.9186480045318604,6.352440414224707,6.351332632216329,0.9272121344266937,950272
encoder.layers.0.linear2,INT4,had,14.86802066182552,8.687701524477868,12.240405981953229,,0.0473079418157446,0.20766860246658325,4.38971966430949,4.389682483421915,-0.28391248191968144,32768,0.35026768217982146,3.8630149364471436,11.028750675501765,10.150962283878304,10.061528596814092,1900544,0.45945303131002624,2.9186480045318604,6.352440414224707,6.351332632216329,0.9272121344266937,950272
encoder.layers.0.linear2,FP4,base,18.540941843769914,17.758484633556016,19.1795505655766,,0.0473079418157446,0.20766860246658325,4.38971966430949,4.389682483421915,-0.28391248191968144,32768,0.35026768217982146,3.8630149364471436,11.028750675501765,10.150962283878304,10.061528596814092,1900544,0.45945303131002624,2.9186480045318604,6.352440414224707,6.351332632216329,0.9272121344266937,950272
encoder.layers.0.linear2,FP4,smooth,18.655769359485767,17.93472382496351,19.37784574019561,,0.0473079418157446,0.20766860246658325,4.38971966430949,4.389682483421915,-0.28391248191968144,32768,0.35026768217982146,3.8630149364471436,11.028750675501765,10.150962283878304,10.061528596814092,1900544,0.45945303131002624,2.9186480045318604,6.352440414224707,6.351332632216329,0.9272121344266937,950272
encoder.layers.0.linear2,FP4,had,18.366707616600806,14.203026474091834,15.989742883155929,,0.0473079418157446,0.20766860246658325,4.38971966430949,4.389682483421915,-0.28391248191968144,32768,0.35026768217982146,3.8630149364471436,11.028750675501765,10.150962283878304,10.061528596814092,1900544,0.45945303131002624,2.9186480045318604,6.352440414224707,6.351332632216329,0.9272121344266937,950272
encoder.layers.0.linear2,NF4,base,20.38671686362794,20.40848246303565,21.678485453180265,,0.0473079418157446,0.20766860246658325,4.38971966430949,4.389682483421915,-0.28391248191968144,32768,0.35026768217982146,3.8630149364471436,11.028750675501765,10.150962283878304,10.061528596814092,1900544,0.45945303131002624,2.9186480045318604,6.352440414224707,6.351332632216329,0.9272121344266937,950272
encoder.layers.0.linear2,NF4,smooth,20.24648948391585,20.439435074164404,21.58075571997366,,0.0473079418157446,0.20766860246658325,4.38971966430949,4.389682483421915,-0.28391248191968144,32768,0.35026768217982146,3.8630149364471436,11.028750675501765,10.150962283878304,10.061528596814092,1900544,0.45945303131002624,2.9186480045318604,6.352440414224707,6.351332632216329,0.9272121344266937,950272
encoder.layers.0.linear2,NF4,had,20.065955710370634,14.806698445041564,18.18160769680241,,0.0473079418157446,0.20766860246658325,4.38971966430949,4.389682483421915,-0.28391248191968144,32768,0.35026768217982146,3.8630149364471436,11.028750675501765,10.150962283878304,10.061528596814092,1900544,0.45945303131002624,2.9186480045318604,6.352440414224707,6.351332632216329,0.9272121344266937,950272
encoder.layers.0.linear2,NVFP4,base,18.375245024150825,17.495954831392588,19.189803363475157,,0.0473079418157446,0.20766860246658325,4.38971966430949,4.389682483421915,-0.28391248191968144,32768,0.35026768217982146,3.8630149364471436,11.028750675501765,10.150962283878304,10.061528596814092,1900544,0.45945303131002624,2.9186480045318604,6.352440414224707,6.351332632216329,0.9272121344266937,950272
encoder.layers.0.linear2,NVFP4,smooth,18.621039280938987,17.197881213148477,19.222653081277727,,0.0473079418157446,0.20766860246658325,4.38971966430949,4.389682483421915,-0.28391248191968144,32768,0.35026768217982146,3.8630149364471436,11.028750675501765,10.150962283878304,10.061528596814092,1900544,0.45945303131002624,2.9186480045318604,6.352440414224707,6.351332632216329,0.9272121344266937,950272
encoder.layers.0.linear2,NVFP4,had,18.306712346170375,7.684425503853822,11.719238693774452,,0.0473079418157446,0.20766860246658325,4.38971966430949,4.389682483421915,-0.28391248191968144,32768,0.35026768217982146,3.8630149364471436,11.028750675501765,10.150962283878304,10.061528596814092,1900544,0.45945303131002624,2.9186480045318604,6.352440414224707,6.351332632216329,0.9272121344266937,950272
encoder.layers.0.linear2,MXINT4,base,18.62408559405426,18.71774521780157,20.116265514898537,,0.0473079418157446,0.20766860246658325,4.38971966430949,4.389682483421915,-0.28391248191968144,32768,0.35026768217982146,3.8630149364471436,11.028750675501765,10.150962283878304,10.061528596814092,1900544,0.45945303131002624,2.9186480045318604,6.352440414224707,6.351332632216329,0.9272121344266937,950272
encoder.layers.0.linear2,MXINT4,smooth,18.104397263616615,18.92131344245563,20.15806686698728,,0.0473079418157446,0.20766860246658325,4.38971966430949,4.389682483421915,-0.28391248191968144,32768,0.35026768217982146,3.8630149364471436,11.028750675501765,10.150962283878304,10.061528596814092,1900544,0.45945303131002624,2.9186480045318604,6.352440414224707,6.351332632216329,0.9272121344266937,950272
encoder.layers.0.linear2,MXINT4,had,17.971589820084063,15.136188062892717,17.639953184926572,,0.0473079418157446,0.20766860246658325,4.38971966430949,4.389682483421915,-0.28391248191968144,32768,0.35026768217982146,3.8630149364471436,11.028750675501765,10.150962283878304,10.061528596814092,1900544,0.45945303131002624,2.9186480045318604,6.352440414224707,6.351332632216329,0.9272121344266937,950272
encoder.layers.0.linear2,MXFP4,base,18.75206133279834,17.57487942740507,18.348606783158743,,0.0473079418157446,0.20766860246658325,4.38971966430949,4.389682483421915,-0.28391248191968144,32768,0.35026768217982146,3.8630149364471436,11.028750675501765,10.150962283878304,10.061528596814092,1900544,0.45945303131002624,2.9186480045318604,6.352440414224707,6.351332632216329,0.9272121344266937,950272
encoder.layers.0.linear2,MXFP4,smooth,18.64727490975515,17.676118056849038,18.328607539039005,,0.0473079418157446,0.20766860246658325,4.38971966430949,4.389682483421915,-0.28391248191968144,32768,0.35026768217982146,3.8630149364471436,11.028750675501765,10.150962283878304,10.061528596814092,1900544,0.45945303131002624,2.9186480045318604,6.352440414224707,6.351332632216329,0.9272121344266937,950272
encoder.layers.0.linear2,MXFP4,had,18.60094340894719,17.21593604485379,17.03492305861697,,0.0473079418157446,0.20766860246658325,4.38971966430949,4.389682483421915,-0.28391248191968144,32768,0.35026768217982146,3.8630149364471436,11.028750675501765,10.150962283878304,10.061528596814092,1900544,0.45945303131002624,2.9186480045318604,6.352440414224707,6.351332632216329,0.9272121344266937,950272
encoder.layers.1.linear1,INT4,base,17.022175924239928,16.861355342883524,18.0266334538042,,0.061331578073863774,0.2421385943889618,3.9480248510375158,3.9480205011533736,-0.4945729712071185,32768,1.0063424252751976,4.221216678619385,4.194612661256965,4.1946102512750505,-0.1620932718912762,950272,1.124562850066812,6.1275835037231445,5.448858197084402,5.328164197560058,0.09805699285656022,1900544
encoder.layers.1.linear1,INT4,smooth,17.30685163409357,16.152596949063977,17.83010761577674,,0.061331578073863774,0.2421385943889618,3.9480248510375158,3.9480205011533736,-0.4945729712071185,32768,1.0063424252751976,4.221216678619385,4.194612661256965,4.1946102512750505,-0.1620932718912762,950272,1.124562850066812,6.1275835037231445,5.448858197084402,5.328164197560058,0.09805699285656022,1900544
encoder.layers.1.linear1,INT4,had,16.22660329073735,15.928682791224706,17.0542977781005,,0.061331578073863774,0.2421385943889618,3.9480248510375158,3.9480205011533736,-0.4945729712071185,32768,1.0063424252751976,4.221216678619385,4.194612661256965,4.1946102512750505,-0.1620932718912762,950272,1.124562850066812,6.1275835037231445,5.448858197084402,5.328164197560058,0.09805699285656022,1900544
encoder.layers.1.linear1,FP4,base,19.112240796396396,19.059384927525688,20.163375693898917,,0.061331578073863774,0.2421385943889618,3.9480248510375158,3.9480205011533736,-0.4945729712071185,32768,1.0063424252751976,4.221216678619385,4.194612661256965,4.1946102512750505,-0.1620932718912762,950272,1.124562850066812,6.1275835037231445,5.448858197084402,5.328164197560058,0.09805699285656022,1900544
encoder.layers.1.linear1,FP4,smooth,19.27172166970854,18.945151881215185,19.999455413652438,,0.061331578073863774,0.2421385943889618,3.9480248510375158,3.9480205011533736,-0.4945729712071185,32768,1.0063424252751976,4.221216678619385,4.194612661256965,4.1946102512750505,-0.1620932718912762,950272,1.124562850066812,6.1275835037231445,5.448858197084402,5.328164197560058,0.09805699285656022,1900544
encoder.layers.1.linear1,FP4,had,18.517502165722426,18.42443944262827,19.11223372226655,,0.061331578073863774,0.2421385943889618,3.9480248510375158,3.9480205011533736,-0.4945729712071185,32768,1.0063424252751976,4.221216678619385,4.194612661256965,4.1946102512750505,-0.1620932718912762,950272,1.124562850066812,6.1275835037231445,5.448858197084402,5.328164197560058,0.09805699285656022,1900544
encoder.layers.1.linear1,NF4,base,20.738394649113985,20.478084923907943,21.596604538226828,,0.061331578073863774,0.2421385943889618,3.9480248510375158,3.9480205011533736,-0.4945729712071185,32768,1.0063424252751976,4.221216678619385,4.194612661256965,4.1946102512750505,-0.1620932718912762,950272,1.124562850066812,6.1275835037231445,5.448858197084402,5.328164197560058,0.09805699285656022,1900544
encoder.layers.1.linear1,NF4,smooth,20.7678603677849,20.542636524217524,21.742932488489704,,0.061331578073863774,0.2421385943889618,3.9480248510375158,3.9480205011533736,-0.4945729712071185,32768,1.0063424252751976,4.221216678619385,4.194612661256965,4.1946102512750505,-0.1620932718912762,950272,1.124562850066812,6.1275835037231445,5.448858197084402,5.328164197560058,0.09805699285656022,1900544
encoder.layers.1.linear1,NF4,had,20.390058978854313,20.399362250781664,21.43479262795738,,0.061331578073863774,0.2421385943889618,3.9480248510375158,3.9480205011533736,-0.4945729712071185,32768,1.0063424252751976,4.221216678619385,4.194612661256965,4.1946102512750505,-0.1620932718912762,950272,1.124562850066812,6.1275835037231445,5.448858197084402,5.328164197560058,0.09805699285656022,1900544
encoder.layers.1.linear1,NVFP4,base,19.157766740978975,16.429918523209235,18.75261202104941,,0.061331578073863774,0.2421385943889618,3.9480248510375158,3.9480205011533736,-0.4945729712071185,32768,1.0063424252751976,4.221216678619385,4.194612661256965,4.1946102512750505,-0.1620932718912762,950272,1.124562850066812,6.1275835037231445,5.448858197084402,5.328164197560058,0.09805699285656022,1900544
encoder.layers.1.linear1,NVFP4,smooth,19.276747274377332,18.963910801697093,20.047937868550775,,0.061331578073863774,0.2421385943889618,3.9480248510375158,3.9480205011533736,-0.4945729712071185,32768,1.0063424252751976,4.221216678619385,4.194612661256965,4.1946102512750505,-0.1620932718912762,950272,1.124562850066812,6.1275835037231445,5.448858197084402,5.328164197560058,0.09805699285656022,1900544
encoder.layers.1.linear1,NVFP4,had,18.07974061751181,18.169573919094894,19.00313244375951,,0.061331578073863774,0.2421385943889618,3.9480248510375158,3.9480205011533736,-0.4945729712071185,32768,1.0063424252751976,4.221216678619385,4.194612661256965,4.1946102512750505,-0.1620932718912762,950272,1.124562850066812,6.1275835037231445,5.448858197084402,5.328164197560058,0.09805699285656022,1900544
encoder.layers.1.linear1,MXINT4,base,18.4019889274513,17.684792343351603,19.180671726091894,,0.061331578073863774,0.2421385943889618,3.9480248510375158,3.9480205011533736,-0.4945729712071185,32768,1.0063424252751976,4.221216678619385,4.194612661256965,4.1946102512750505,-0.1620932718912762,950272,1.124562850066812,6.1275835037231445,5.448858197084402,5.328164197560058,0.09805699285656022,1900544
encoder.layers.1.linear1,MXINT4,smooth,18.075156812475164,17.790355534491834,19.055831330113715,,0.061331578073863774,0.2421385943889618,3.9480248510375158,3.9480205011533736,-0.4945729712071185,32768,1.0063424252751976,4.221216678619385,4.194612661256965,4.1946102512750505,-0.1620932718912762,950272,1.124562850066812,6.1275835037231445,5.448858197084402,5.328164197560058,0.09805699285656022,1900544
encoder.layers.1.linear1,MXINT4,had,18.217345843376687,18.29565925363196,19.370379007568246,,0.061331578073863774,0.2421385943889618,3.9480248510375158,3.9480205011533736,-0.4945729712071185,32768,1.0063424252751976,4.221216678619385,4.194612661256965,4.1946102512750505,-0.1620932718912762,950272,1.124562850066812,6.1275835037231445,5.448858197084402,5.328164197560058,0.09805699285656022,1900544
encoder.layers.1.linear1,MXFP4,base,18.82418390408491,18.82611808832412,19.40355983548862,,0.061331578073863774,0.2421385943889618,3.9480248510375158,3.9480205011533736,-0.4945729712071185,32768,1.0063424252751976,4.221216678619385,4.194612661256965,4.1946102512750505,-0.1620932718912762,950272,1.124562850066812,6.1275835037231445,5.448858197084402,5.328164197560058,0.09805699285656022,1900544
encoder.layers.1.linear1,MXFP4,smooth,19.06493836343239,18.66191565333991,19.431773793693953,,0.061331578073863774,0.2421385943889618,3.9480248510375158,3.9480205011533736,-0.4945729712071185,32768,1.0063424252751976,4.221216678619385,4.194612661256965,4.1946102512750505,-0.1620932718912762,950272,1.124562850066812,6.1275835037231445,5.448858197084402,5.328164197560058,0.09805699285656022,1900544
encoder.layers.1.linear1,MXFP4,had,18.7283845407902,18.68466082601246,19.166060206152416,,0.061331578073863774,0.2421385943889618,3.9480248510375158,3.9480205011533736,-0.4945729712071185,32768,1.0063424252751976,4.221216678619385,4.194612661256965,4.1946102512750505,-0.1620932718912762,950272,1.124562850066812,6.1275835037231445,5.448858197084402,5.328164197560058,0.09805699285656022,1900544
encoder.layers.1.linear2,INT4,base,15.145123431943633,15.87297576858478,17.429274464556734,,0.04796013029845291,0.18883953988552094,3.9374275822518454,3.937222625967048,-0.26893053357078056,32768,0.576000272815796,4.9321112632751465,8.562689109788717,7.3998745894596105,4.119103699210729,1900544,0.8463243389770015,4.252521514892578,5.024694811486614,5.017132169037343,0.3843201385161321,950272
encoder.layers.1.linear2,INT4,smooth,16.06446809609436,15.209548709434216,17.720383965814737,,0.04796013029845291,0.18883953988552094,3.9374275822518454,3.937222625967048,-0.26893053357078056,32768,0.576000272815796,4.9321112632751465,8.562689109788717,7.3998745894596105,4.119103699210729,1900544,0.8463243389770015,4.252521514892578,5.024694811486614,5.017132169037343,0.3843201385161321,950272
encoder.layers.1.linear2,INT4,had,14.848246341353358,6.006698011984097,10.769684022271894,,0.04796013029845291,0.18883953988552094,3.9374275822518454,3.937222625967048,-0.26893053357078056,32768,0.576000272815796,4.9321112632751465,8.562689109788717,7.3998745894596105,4.119103699210729,1900544,0.8463243389770015,4.252521514892578,5.024694811486614,5.017132169037343,0.3843201385161321,950272
encoder.layers.1.linear2,FP4,base,18.503262124117498,17.642095387120385,19.479399804394937,,0.04796013029845291,0.18883953988552094,3.9374275822518454,3.937222625967048,-0.26893053357078056,32768,0.576000272815796,4.9321112632751465,8.562689109788717,7.3998745894596105,4.119103699210729,1900544,0.8463243389770015,4.252521514892578,5.024694811486614,5.017132169037343,0.3843201385161321,950272
encoder.layers.1.linear2,FP4,smooth,18.918446683129883,17.49599594886429,19.698418585652206,,0.04796013029845291,0.18883953988552094,3.9374275822518454,3.937222625967048,-0.26893053357078056,32768,0.576000272815796,4.9321112632751465,8.562689109788717,7.3998745894596105,4.119103699210729,1900544,0.8463243389770015,4.252521514892578,5.024694811486614,5.017132169037343,0.3843201385161321,950272
encoder.layers.1.linear2,FP4,had,18.356466367277736,11.47236688070588,14.61157475695535,,0.04796013029845291,0.18883953988552094,3.9374275822518454,3.937222625967048,-0.26893053357078056,32768,0.576000272815796,4.9321112632751465,8.562689109788717,7.3998745894596105,4.119103699210729,1900544,0.8463243389770015,4.252521514892578,5.024694811486614,5.017132169037343,0.3843201385161321,950272
encoder.layers.1.linear2,NF4,base,20.40988274614189,19.772232355116067,21.97260850444572,,0.04796013029845291,0.18883953988552094,3.9374275822518454,3.937222625967048,-0.26893053357078056,32768,0.576000272815796,4.9321112632751465,8.562689109788717,7.3998745894596105,4.119103699210729,1900544,0.8463243389770015,4.252521514892578,5.024694811486614,5.017132169037343,0.3843201385161321,950272
encoder.layers.1.linear2,NF4,smooth,20.34402686559679,19.91799151843194,21.837438282970624,,0.04796013029845291,0.18883953988552094,3.9374275822518454,3.937222625967048,-0.26893053357078056,32768,0.576000272815796,4.9321112632751465,8.562689109788717,7.3998745894596105,4.119103699210729,1900544,0.8463243389770015,4.252521514892578,5.024694811486614,5.017132169037343,0.3843201385161321,950272
encoder.layers.1.linear2,NF4,had,20.126459942887564,12.233672918144919,16.80723256248114,,0.04796013029845291,0.18883953988552094,3.9374275822518454,3.937222625967048,-0.26893053357078056,32768,0.576000272815796,4.9321112632751465,8.562689109788717,7.3998745894596105,4.119103699210729,1900544,0.8463243389770015,4.252521514892578,5.024694811486614,5.017132169037343,0.3843201385161321,950272
encoder.layers.1.linear2,NVFP4,base,18.448580542658103,15.232909021715336,18.452506089549665,,0.04796013029845291,0.18883953988552094,3.9374275822518454,3.937222625967048,-0.26893053357078056,32768,0.576000272815796,4.9321112632751465,8.562689109788717,7.3998745894596105,4.119103699210729,1900544,0.8463243389770015,4.252521514892578,5.024694811486614,5.017132169037343,0.3843201385161321,950272
encoder.layers.1.linear2,NVFP4,smooth,18.918446683129883,17.361379365609885,19.717498807288013,,0.04796013029845291,0.18883953988552094,3.9374275822518454,3.937222625967048,-0.26893053357078056,32768,0.576000272815796,4.9321112632751465,8.562689109788717,7.3998745894596105,4.119103699210729,1900544,0.8463243389770015,4.252521514892578,5.024694811486614,5.017132169037343,0.3843201385161321,950272
encoder.layers.1.linear2,NVFP4,had,18.357172038715866,6.014901669456797,11.029571888559143,,0.04796013029845291,0.18883953988552094,3.9374275822518454,3.937222625967048,-0.26893053357078056,32768,0.576000272815796,4.9321112632751465,8.562689109788717,7.3998745894596105,4.119103699210729,1900544,0.8463243389770015,4.252521514892578,5.024694811486614,5.017132169037343,0.3843201385161321,950272
encoder.layers.1.linear2,MXINT4,base,18.463445532567246,17.777397302708483,19.879498322532662,,0.04796013029845291,0.18883953988552094,3.9374275822518454,3.937222625967048,-0.26893053357078056,32768,0.576000272815796,4.9321112632751465,8.562689109788717,7.3998745894596105,4.119103699210729,1900544,0.8463243389770015,4.252521514892578,5.024694811486614,5.017132169037343,0.3843201385161321,950272
encoder.layers.1.linear2,MXINT4,smooth,17.698693425437,18.03449468583173,20.26472933045742,,0.04796013029845291,0.18883953988552094,3.9374275822518454,3.937222625967048,-0.26893053357078056,32768,0.576000272815796,4.9321112632751465,8.562689109788717,7.3998745894596105,4.119103699210729,1900544,0.8463243389770015,4.252521514892578,5.024694811486614,5.017132169037343,0.3843201385161321,950272
encoder.layers.1.linear2,MXINT4,had,18.081903009834356,13.612558201835744,17.056556040435723,,0.04796013029845291,0.18883953988552094,3.9374275822518454,3.937222625967048,-0.26893053357078056,32768,0.576000272815796,4.9321112632751465,8.562689109788717,7.3998745894596105,4.119103699210729,1900544,0.8463243389770015,4.252521514892578,5.024694811486614,5.017132169037343,0.3843201385161321,950272
encoder.layers.1.linear2,MXFP4,base,18.75707552693463,17.375175133799374,18.797236879941167,,0.04796013029845291,0.18883953988552094,3.9374275822518454,3.937222625967048,-0.26893053357078056,32768,0.576000272815796,4.9321112632751465,8.562689109788717,7.3998745894596105,4.119103699210729,1900544,0.8463243389770015,4.252521514892578,5.024694811486614,5.017132169037343,0.3843201385161321,950272
encoder.layers.1.linear2,MXFP4,smooth,18.719409976028448,17.324336831473193,18.81280126574582,,0.04796013029845291,0.18883953988552094,3.9374275822518454,3.937222625967048,-0.26893053357078056,32768,0.576000272815796,4.9321112632751465,8.562689109788717,7.3998745894596105,4.119103699210729,1900544,0.8463243389770015,4.252521514892578,5.024694811486614,5.017132169037343,0.3843201385161321,950272
encoder.layers.1.linear2,MXFP4,had,18.531256329470963,15.949220546776193,16.06413205295715,,0.04796013029845291,0.18883953988552094,3.9374275822518454,3.937222625967048,-0.26893053357078056,32768,0.576000272815796,4.9321112632751465,8.562689109788717,7.3998745894596105,4.119103699210729,1900544,0.8463243389770015,4.252521514892578,5.024694811486614,5.017132169037343,0.3843201385161321,950272
classifier,INT4,base,19.559379108915977,17.751993071877905,26.78765281888229,,0.08609854314684062,0.20767740905284882,2.412089699342021,2.412019912983659,-1.047266614892984,1280,1.1210865881340404,4.003807544708252,3.571363342569526,3.571362910495207,-0.611437665765008,32768,3.9222470439122343,12.062390327453613,3.075377504886081,3.075360825760245,2.3120533950773847,2560
classifier,INT4,smooth,20.27191660086958,17.172729084923365,26.818949533579286,,0.08609854314684062,0.20767740905284882,2.412089699342021,2.412019912983659,-1.047266614892984,1280,1.1210865881340404,4.003807544708252,3.571363342569526,3.571362910495207,-0.611437665765008,32768,3.9222470439122343,12.062390327453613,3.075377504886081,3.075360825760245,2.3120533950773847,2560
classifier,INT4,had,16.53879116207415,15.022058784733723,23.71043149164536,,0.08609854314684062,0.20767740905284882,2.412089699342021,2.412019912983659,-1.047266614892984,1280,1.1210865881340404,4.003807544708252,3.571363342569526,3.571362910495207,-0.611437665765008,32768,3.9222470439122343,12.062390327453613,3.075377504886081,3.075360825760245,2.3120533950773847,2560
classifier,FP4,base,19.117687124872717,19.274646898746422,26.16051954502311,,0.08609854314684062,0.20767740905284882,2.412089699342021,2.412019912983659,-1.047266614892984,1280,1.1210865881340404,4.003807544708252,3.571363342569526,3.571362910495207,-0.611437665765008,32768,3.9222470439122343,12.062390327453613,3.075377504886081,3.075360825760245,2.3120533950773847,2560
classifier,FP4,smooth,19.03576363207106,19.289976429617745,25.953665158715843,,0.08609854314684062,0.20767740905284882,2.412089699342021,2.412019912983659,-1.047266614892984,1280,1.1210865881340404,4.003807544708252,3.571363342569526,3.571362910495207,-0.611437665765008,32768,3.9222470439122343,12.062390327453613,3.075377504886081,3.075360825760245,2.3120533950773847,2560
classifier,FP4,had,18.662003871952166,18.550256223068615,24.84856799785874,,0.08609854314684062,0.20767740905284882,2.412089699342021,2.412019912983659,-1.047266614892984,1280,1.1210865881340404,4.003807544708252,3.571363342569526,3.571362910495207,-0.611437665765008,32768,3.9222470439122343,12.062390327453613,3.075377504886081,3.075360825760245,2.3120533950773847,2560
classifier,NF4,base,20.70026828049928,20.72364372954521,28.072668590288693,,0.08609854314684062,0.20767740905284882,2.412089699342021,2.412019912983659,-1.047266614892984,1280,1.1210865881340404,4.003807544708252,3.571363342569526,3.571362910495207,-0.611437665765008,32768,3.9222470439122343,12.062390327453613,3.075377504886081,3.075360825760245,2.3120533950773847,2560
classifier,NF4,smooth,20.769872498117564,20.725199451401316,27.98311600384587,,0.08609854314684062,0.20767740905284882,2.412089699342021,2.412019912983659,-1.047266614892984,1280,1.1210865881340404,4.003807544708252,3.571363342569526,3.571362910495207,-0.611437665765008,32768,3.9222470439122343,12.062390327453613,3.075377504886081,3.075360825760245,2.3120533950773847,2560
classifier,NF4,had,20.180513925607222,20.209140976276885,27.8898011577798,,0.08609854314684062,0.20767740905284882,2.412089699342021,2.412019912983659,-1.047266614892984,1280,1.1210865881340404,4.003807544708252,3.571363342569526,3.571362910495207,-0.611437665765008,32768,3.9222470439122343,12.062390327453613,3.075377504886081,3.075360825760245,2.3120533950773847,2560
classifier,NVFP4,base,19.117687124872717,17.18154189445911,25.535732153066903,,0.08609854314684062,0.20767740905284882,2.412089699342021,2.412019912983659,-1.047266614892984,1280,1.1210865881340404,4.003807544708252,3.571363342569526,3.571362910495207,-0.611437665765008,32768,3.9222470439122343,12.062390327453613,3.075377504886081,3.075360825760245,2.3120533950773847,2560
classifier,NVFP4,smooth,19.03576363207106,19.306716084274555,26.018411121375628,,0.08609854314684062,0.20767740905284882,2.412089699342021,2.412019912983659,-1.047266614892984,1280,1.1210865881340404,4.003807544708252,3.571363342569526,3.571362910495207,-0.611437665765008,32768,3.9222470439122343,12.062390327453613,3.075377504886081,3.075360825760245,2.3120533950773847,2560
classifier,NVFP4,had,18.662003871952166,18.575173356912668,24.997001950092965,,0.08609854314684062,0.20767740905284882,2.412089699342021,2.412019912983659,-1.047266614892984,1280,1.1210865881340404,4.003807544708252,3.571363342569526,3.571362910495207,-0.611437665765008,32768,3.9222470439122343,12.062390327453613,3.075377504886081,3.075360825760245,2.3120533950773847,2560
classifier,MXINT4,base,19.559379108915977,18.153026454170742,27.07876858335279,,0.08609854314684062,0.20767740905284882,2.412089699342021,2.412019912983659,-1.047266614892984,1280,1.1210865881340404,4.003807544708252,3.571363342569526,3.571362910495207,-0.611437665765008,32768,3.9222470439122343,12.062390327453613,3.075377504886081,3.075360825760245,2.3120533950773847,2560
classifier,MXINT4,smooth,20.27191660086958,17.976058109607646,27.319653773138945,,0.08609854314684062,0.20767740905284882,2.412089699342021,2.412019912983659,-1.047266614892984,1280,1.1210865881340404,4.003807544708252,3.571363342569526,3.571362910495207,-0.611437665765008,32768,3.9222470439122343,12.062390327453613,3.075377504886081,3.075360825760245,2.3120533950773847,2560
classifier,MXINT4,had,17.296797721284097,17.308082216518134,24.63045462453565,,0.08609854314684062,0.20767740905284882,2.412089699342021,2.412019912983659,-1.047266614892984,1280,1.1210865881340404,4.003807544708252,3.571363342569526,3.571362910495207,-0.611437665765008,32768,3.9222470439122343,12.062390327453613,3.075377504886081,3.075360825760245,2.3120533950773847,2560
classifier,MXFP4,base,19.117687124872717,19.056949462406084,25.558696198936822,,0.08609854314684062,0.20767740905284882,2.412089699342021,2.412019912983659,-1.047266614892984,1280,1.1210865881340404,4.003807544708252,3.571363342569526,3.571362910495207,-0.611437665765008,32768,3.9222470439122343,12.062390327453613,3.075377504886081,3.075360825760245,2.3120533950773847,2560
classifier,MXFP4,smooth,19.03576363207106,18.909642733012063,24.88394345333259,,0.08609854314684062,0.20767740905284882,2.412089699342021,2.412019912983659,-1.047266614892984,1280,1.1210865881340404,4.003807544708252,3.571363342569526,3.571362910495207,-0.611437665765008,32768,3.9222470439122343,12.062390327453613,3.075377504886081,3.075360825760245,2.3120533950773847,2560
classifier,MXFP4,had,18.51059198759367,18.50503678559957,23.123836440808986,,0.08609854314684062,0.20767740905284882,2.412089699342021,2.412019912983659,-1.047266614892984,1280,1.1210865881340404,4.003807544708252,3.571363342569526,3.571362910495207,-0.611437665765008,32768,3.9222470439122343,12.062390327453613,3.075377504886081,3.075360825760245,2.3120533950773847,2560
