format,dist_name,bits,mse,snr_db,kl_div,max_ae,eff_bits,enc_data_bits_per_element,enc_metadata_bits_per_element,dist_type,dist_sigma,enc_bandwidth_amplification,enc_dense_bits,enc_sparse_bits,enc_sparsity_ratio,dist_b,dist_nu,dist_mu1,dist_mu2,dist_outlier_ratio,dist_outlier_sigma,dist_n_outlier_channels,dist_spike_ratio,dist_spike_multiplier,dist_n_spikes,dist_mu
FP32,Gaussian(σ=1),32,0.0,inf,0.0,0.0,inf,32.0,0.0,gaussian,1.0,,,,,,,,,,,,,,,
BF16,Gaussian(σ=1),16,1.0032147713522154e-05,49.73607707840556,0.6887683200489708,0.015153169631958008,8.26098358881194,16.0,0.0,gaussian,1.0,,,,,,,,,,,,,,,
INT4,Gaussian(σ=1),4,0.023709988426819345,16.000702839410227,22.141216237621023,1.2145287990570068,2.657659215009041,4.0,0.0,gaussian,1.0,1.0,,,,,,,,,,,,,,
INT8,Gaussian(σ=1),8,0.008722870783205746,20.343421868590916,1.7481227686653393,0.9801537990570068,3.378969232570906,8.0,0.0,gaussian,1.0,1.0,,,,,,,,,,,,,,
MXINT4,Gaussian(σ=1),4,0.033505527777126426,14.4988516262673,20.35753180818674,1.2145287990570068,2.4082071280450332,4.0,0.25,gaussian,1.0,1.0625,,,,,,,,,,,,,,
MXINT8,Gaussian(σ=1),8,0.01994614849801088,16.75142577918445,2.049442267133614,0.9801537990570068,2.7823515962646623,8.0,0.25,gaussian,1.0,1.03125,,,,,,,,,,,,,,
MXFP4,Gaussian(σ=1),4,0.04375806739492169,13.339434930989091,21.18007596360895,1.4645287990570068,2.2156321833587262,4.0,0.25,gaussian,1.0,1.0625,,,,,,,,,,,,,,
MXFP8,Gaussian(σ=1),8,0.02967669747065501,15.025860564857974,11.505817803981103,1.2145287990570068,2.4957414180130897,8.0,0.25,gaussian,1.0,1.03125,,,,,,,,,,,,,,
NVFP4,Gaussian(σ=1),4,0.04375806739492169,13.339434930989091,21.18007596360895,1.4645287990570068,2.2156321833587262,4.0,0.0,gaussian,1.0,,,,,,,,,,,,,,,
NF4,Gaussian(σ=1),4,0.008887112365288892,20.262409546757603,21.83714478641127,0.3978703022003174,3.3655133771743997,4.0,0.0,gaussian,1.0,1.0,,,,,,,,,,,,,,
FP6,Gaussian(σ=1),6,0.002215542287542299,26.295215822090945,15.81450443715689,0.21013259887695312,4.36754081002653,6.0,0.0,gaussian,1.0,1.0,,,,,,,,,,,,,,
SQ-Format,Gaussian(σ=1),4,0.018892355774116604,16.987155104732775,22.049259793714818,0.9801537990570068,2.821505389731054,5.04,1.0,gaussian,1.0,1.26,4.0,8.0,0.01,,,,,,,,,,,
HAD+INT4(C),Gaussian(σ=1),4,0.011538372715266117,19.128570624013896,7.552865992919594,0.3423417806625366,3.177186808547442,4.0,0.0,gaussian,1.0,1.0,,,,,,,,,,,,,,
HAD+INT8(C),Gaussian(σ=1),8,7.711908556049114e-05,40.87839754655227,0.5682612663041615,0.02485179901123047,6.7897548641933305,8.0,0.0,gaussian,1.0,1.0,,,,,,,,,,,,,,
HAD+INT4(T),Gaussian(σ=1),4,0.011538372715266117,19.128570624013896,7.552865992919594,0.3423417806625366,3.177186808547442,4.0,0.0,gaussian,1.0,1.0,,,,,,,,,,,,,,
HAD+INT8(T),Gaussian(σ=1),8,7.711908556049114e-05,40.87839754655227,0.5682612663041615,0.02485179901123047,6.7897548641933305,8.0,0.0,gaussian,1.0,1.0,,,,,,,,,,,,,,
HAD+SQ,Gaussian(σ=1),4,0.05201605783886595,12.588641908711676,2.977945795022403,0.8356225490570068,2.090928161651289,5.04,1.0,gaussian,1.0,1.26,4.0,8.0,0.01,,,,,,,,,,,
HAD+LUT4,Gaussian(σ=1),4,0.019839397715091883,16.774731422379233,2.639509709277742,0.4597123861312866,2.786222579809571,4.0,0.0,gaussian,1.0,1.0,,,,,,,,,,,,,,
RandRot+INT4,Gaussian(σ=1),4,0.020664124174416335,16.597846230077003,2.5258933817970357,0.45142102241516113,2.756842585315655,4.0,0.0,gaussian,1.0,1.0,,,,,,,,,,,,,,
RandRot+INT8,Gaussian(σ=1),8,0.014799462636844087,18.04755679328905,2.2444678933474305,0.3942496180534363,2.9976342977851087,8.0,0.0,gaussian,1.0,1.0,,,,,,,,,,,,,,
SmoothQuant+INT4,Gaussian(σ=1),4,0.014656919727152525,18.089589166152123,22.431406025477827,0.21167302131652832,3.0046157238005398,4.0,0.0,gaussian,1.0,1.0,,,,,,,,,,,,,,
SmoothQuant+INT8,Gaussian(σ=1),8,4.719333575361611e-05,43.011209503882746,0.9573656551020544,0.011592268943786621,7.144007262301721,8.0,0.0,gaussian,1.0,1.0,,,,,,,,,,,,,,
HAD+INT4,Gaussian(σ=1),4,0.011538372715266117,19.128570624013896,7.552865992919594,0.3423417806625366,3.177186808547442,4.0,0.0,gaussian,1.0,1.0,,,,,,,,,,,,,,
HAD+INT8,Gaussian(σ=1),8,7.711908556049114e-05,40.87839754655227,0.5682612663041615,0.02485179901123047,6.7897548641933305,8.0,0.0,gaussian,1.0,1.0,,,,,,,,,,,,,,
FP32,Laplace(b=0.5),32,0.0,inf,0.0,0.0,inf,32.0,0.0,laplace,,,,,,0.5,,,,,,,,,,
BF16,Laplace(b=0.5),16,4.889869097331986e-06,49.31171455943349,0.4205973216097748,0.015369892120361328,8.190498500102414,16.0,0.0,laplace,,,,,,0.5,,,,,,,,,,
INT4,Laplace(b=0.5),4,0.011370379637114361,15.646937238178928,22.473998009180043,1.4126193523406982,2.5989000205222927,4.0,0.0,laplace,,1.0,,,,0.5,,,,,,,,,,
INT8,Laplace(b=0.5),8,0.0035903559187178834,20.653311859426907,0.9586595696448541,1.1782443523406982,3.4304408459150295,8.0,0.0,laplace,,1.0,,,,0.5,,,,,,,,,,
MXINT4,Laplace(b=0.5),4,0.023171475345620543,12.555150025485045,20.525016801381046,1.4126193523406982,2.0853652802592277,4.0,0.25,laplace,,1.0625,,,,0.5,,,,,,,,,,
MXINT8,Laplace(b=0.5),8,0.014093379485700844,14.714535429556705,1.8593831837748942,1.1782443523406982,2.444031432332995,8.0,0.25,laplace,,1.03125,,,,0.5,,,,,,,,,,
MXFP4,Laplace(b=0.5),4,0.010943886788695359,15.812970973318137,19.750135494551806,0.7613496780395508,2.626477626995194,4.0,0.25,laplace,,1.0625,,,,0.5,,,,,,,,,,
MXFP8,Laplace(b=0.5),8,0.021184260223747933,12.944553864919916,8.379401838269734,1.4126193523406982,2.150043857983013,8.0,0.25,laplace,,1.03125,,,,0.5,,,,,,,,,,
NVFP4,Laplace(b=0.5),4,0.007384919604405418,17.5212291733544,22.61976013091695,0.43619227409362793,2.9102131723963023,4.0,0.0,laplace,,,,,,0.5,,,,,,,,,,
NF4,Laplace(b=0.5),4,0.006935710798593678,17.79377713205583,22.42269384448867,0.2773704528808594,2.9554824084570264,4.0,0.0,laplace,,1.0,,,,0.5,,,,,,,,,,
FP6,Laplace(b=0.5),6,0.0010471110774486897,26.00475935039784,12.415737607597524,0.167388916015625,4.319297034343571,6.0,0.0,laplace,,1.0,,,,0.5,,,,,,,,,,
SQ-Format,Laplace(b=0.5),4,0.008738377902077168,16.79037866694324,22.47399800916665,1.1782443523406982,2.788821530875808,5.04,1.0,laplace,,1.26,4.0,8.0,0.01,0.5,,,,,,,,,,
HAD+INT4(C),Laplace(b=0.5),4,0.008156917395194377,17.089426248368127,2.056130246385359,0.28942787647247314,2.838492258997981,4.0,0.0,laplace,,1.0,,,,0.5,,,,,,,,,,
HAD+INT8(C),Laplace(b=0.5),8,0.002358338614287872,22.478625271019087,2.1440562183483802,0.13898015022277832,3.733618841112168,8.0,0.0,laplace,,1.0,,,,0.5,,,,,,,,,,
HAD+INT4(T),Laplace(b=0.5),4,0.008156917395194377,17.089426248368127,2.056130246385359,0.28942787647247314,2.838492258997981,4.0,0.0,laplace,,1.0,,,,0.5,,,,,,,,,,
HAD+INT8(T),Laplace(b=0.5),8,0.002358338614287872,22.478625271019087,2.1440562183483802,0.13898015022277832,3.733618841112168,8.0,0.0,laplace,,1.0,,,,0.5,,,,,,,,,,
HAD+SQ,Laplace(b=0.5),4,0.0062142392963936005,18.27080716136114,1.8984386561088809,0.24548256397247314,3.0347153812797396,5.04,1.0,laplace,,1.26,4.0,8.0,0.01,0.5,,,,,,,,,,
HAD+LUT4,Laplace(b=0.5),4,0.008408415148917533,16.957545430986244,1.8263004577848563,0.28357111662626266,2.8165873293761012,4.0,0.0,laplace,,1.0,,,,0.5,,,,,,,,,,
RandRot+INT4,Laplace(b=0.5),4,0.004703611891274219,19.480372094388578,1.6742264719886777,0.21434292197227478,3.2356197679604595,4.0,0.0,laplace,,1.0,,,,0.5,,,,,,,,,,
RandRot+INT8,Laplace(b=0.5),8,3.2744373249712384e-05,41.05332006938675,0.2954501480915187,0.017128318548202515,6.818808866344953,8.0,0.0,laplace,,1.0,,,,0.5,,,,,,,,,,
SmoothQuant+INT4,Laplace(b=0.5),4,0.016962484259480583,13.909792314220786,22.87821800212962,0.22567999362945557,2.3103664941329165,4.0,0.0,laplace,,1.0,,,,0.5,,,,,,,,,,
SmoothQuant+INT8,Laplace(b=0.5),8,4.96030767004678e-05,39.24960074031248,3.0043552366248134,0.01242905855178833,6.519217570617792,8.0,0.0,laplace,,1.0,,,,0.5,,,,,,,,,,
HAD+INT4,Laplace(b=0.5),4,0.008156917395194377,17.089426248368127,2.056130246385359,0.28942787647247314,2.838492258997981,4.0,0.0,laplace,,1.0,,,,0.5,,,,,,,,,,
HAD+INT8,Laplace(b=0.5),8,0.002358338614287872,22.478625271019087,2.1440562183483802,0.13898015022277832,3.733618841112168,8.0,0.0,laplace,,1.0,,,,0.5,,,,,,,,,,
FP32,Laplace(b=1.0),32,0.0,inf,0.0,0.0,inf,32.0,0.0,laplace,,,,,,1.0,,,,,,,,,,
BF16,Laplace(b=1.0),16,1.9559476389327943e-05,49.31171455943349,0.4205973216097748,0.030739784240722656,8.190498500102414,16.0,0.0,laplace,,,,,,1.0,,,,,,,,,,
INT4,Laplace(b=1.0),4,0.045481518548457445,15.646937238178928,22.473998009180043,2.8252387046813965,2.5989000205222927,4.0,0.0,laplace,,1.0,,,,1.0,,,,,,,,,,
INT8,Laplace(b=1.0),8,0.014361423674871534,20.653311859426907,0.9586595696448541,2.3564887046813965,3.4304408459150295,8.0,0.0,laplace,,1.0,,,,1.0,,,,,,,,,,
MXINT4,Laplace(b=1.0),4,0.09268590138248217,12.555150025485045,20.525016801381046,2.8252387046813965,2.0853652802592277,4.0,0.25,laplace,,1.0625,,,,1.0,,,,,,,,,,
MXINT8,Laplace(b=1.0),8,0.056373517942803375,14.714535429556705,1.8593831837748942,2.3564887046813965,2.444031432332995,8.0,0.25,laplace,,1.03125,,,,1.0,,,,,,,,,,
MXFP4,Laplace(b=1.0),4,0.043775547154781436,15.812970973318137,19.750135494551806,1.5226993560791016,2.626477626995194,4.0,0.25,laplace,,1.0625,,,,1.0,,,,,,,,,,
MXFP8,Laplace(b=1.0),8,0.08473704089499173,12.944553864919916,8.379401838269734,2.8252387046813965,2.150043857983013,8.0,0.25,laplace,,1.03125,,,,1.0,,,,,,,,,,
NVFP4,Laplace(b=1.0),4,0.029539678417621673,17.5212291733544,22.61976013091695,0.8723845481872559,2.9102131723963023,4.0,0.0,laplace,,,,,,1.0,,,,,,,,,,
NF4,Laplace(b=1.0),4,0.02774284319437471,17.79377713205583,22.42269384448867,0.5547409057617188,2.9554824084570264,4.0,0.0,laplace,,1.0,,,,1.0,,,,,,,,,,
FP6,Laplace(b=1.0),6,0.004188444309794759,26.00475935039784,12.415737607597524,0.33477783203125,4.319297034343571,6.0,0.0,laplace,,1.0,,,,1.0,,,,,,,,,,
SQ-Format,Laplace(b=1.0),4,0.034953511608308674,16.79037866694324,22.47399800916665,2.3564887046813965,2.788821530875808,5.04,1.0,laplace,,1.26,4.0,8.0,0.01,1.0,,,,,,,,,,
HAD+INT4(C),Laplace(b=1.0),4,0.03262766958077751,17.089426248368127,2.056130246385359,0.5788557529449463,2.838492258997981,4.0,0.0,laplace,,1.0,,,,1.0,,,,,,,,,,
HAD+INT8(C),Laplace(b=1.0),8,0.009433354457151488,22.478625271019087,2.1440562183483802,0.27796030044555664,3.733618841112168,8.0,0.0,laplace,,1.0,,,,1.0,,,,,,,,,,
HAD+INT4(T),Laplace(b=1.0),4,0.03262766958077751,17.089426248368127,2.056130246385359,0.5788557529449463,2.838492258997981,4.0,0.0,laplace,,1.0,,,,1.0,,,,,,,,,,
HAD+INT8(T),Laplace(b=1.0),8,0.009433354457151488,22.478625271019087,2.1440562183483802,0.27796030044555664,3.733618841112168,8.0,0.0,laplace,,1.0,,,,1.0,,,,,,,,,,
HAD+SQ,Laplace(b=1.0),4,0.024856957185574402,18.27080716136114,1.8984386561088809,0.4909651279449463,3.0347153812797396,5.04,1.0,laplace,,1.26,4.0,8.0,0.01,1.0,,,,,,,,,,
HAD+LUT4,Laplace(b=1.0),4,0.033633660595670134,16.957545430986244,1.8263004577848563,0.5671422332525253,2.8165873293761012,4.0,0.0,laplace,,1.0,,,,1.0,,,,,,,,,,
RandRot+INT4,Laplace(b=1.0),4,0.018814447565096877,19.480372094388578,1.6742264719886777,0.42868584394454956,3.2356197679604595,4.0,0.0,laplace,,1.0,,,,1.0,,,,,,,,,,
RandRot+INT8,Laplace(b=1.0),8,0.00013097749299884954,41.05332006938675,0.2954501480915187,0.03425663709640503,6.818808866344953,8.0,0.0,laplace,,1.0,,,,1.0,,,,,,,,,,
SmoothQuant+INT4,Laplace(b=1.0),4,0.06784993703792233,13.909792314220786,22.87821800212962,0.45135998725891113,2.3103664941329165,4.0,0.0,laplace,,1.0,,,,1.0,,,,,,,,,,
SmoothQuant+INT8,Laplace(b=1.0),8,0.0001984123068018712,39.24960074031248,3.0043552366248134,0.02485811710357666,6.519217570617792,8.0,0.0,laplace,,1.0,,,,1.0,,,,,,,,,,
HAD+INT4,Laplace(b=1.0),4,0.03262766958077751,17.089426248368127,2.056130246385359,0.5788557529449463,2.838492258997981,4.0,0.0,laplace,,1.0,,,,1.0,,,,,,,,,,
HAD+INT8,Laplace(b=1.0),8,0.009433354457151488,22.478625271019087,2.1440562183483802,0.27796030044555664,3.733618841112168,8.0,0.0,laplace,,1.0,,,,1.0,,,,,,,,,,
FP32,Laplace(b=2.0),32,0.0,inf,0.0,0.0,inf,32.0,0.0,laplace,,,,,,2.0,,,,,,,,,,
BF16,Laplace(b=2.0),16,7.823790555731177e-05,49.31171455943349,0.4205973216097748,0.06147956848144531,8.190498500102414,16.0,0.0,laplace,,,,,,2.0,,,,,,,,,,
INT4,Laplace(b=2.0),4,0.18192607419382978,15.646937238178928,22.473998009180043,5.650477409362793,2.5989000205222927,4.0,0.0,laplace,,1.0,,,,2.0,,,,,,,,,,
INT8,Laplace(b=2.0),8,0.057445694699486134,20.653311859426907,0.9586595696448541,4.712977409362793,3.4304408459150295,8.0,0.0,laplace,,1.0,,,,2.0,,,,,,,,,,
MXINT4,Laplace(b=2.0),4,0.3707436055299287,12.555150025485045,20.525016801381046,5.650477409362793,2.0853652802592277,4.0,0.25,laplace,,1.0625,,,,2.0,,,,,,,,,,
MXINT8,Laplace(b=2.0),8,0.2254940717712135,14.714535429556705,1.8593831837748942,4.712977409362793,2.444031432332995,8.0,0.25,laplace,,1.03125,,,,2.0,,,,,,,,,,
MXFP4,Laplace(b=2.0),4,0.17510218861912574,15.812970973318137,19.750135494551806,3.045398712158203,2.626477626995194,4.0,0.25,laplace,,1.0625,,,,2.0,,,,,,,,,,
MXFP8,Laplace(b=2.0),8,0.33894816357996693,12.944553864919916,8.379401838269734,5.650477409362793,2.150043857983013,8.0,0.25,laplace,,1.03125,,,,2.0,,,,,,,,,,
NVFP4,Laplace(b=2.0),4,0.11815871367048669,17.5212291733544,22.61976013091695,1.7447690963745117,2.9102131723963023,4.0,0.0,laplace,,,,,,2.0,,,,,,,,,,
NF4,Laplace(b=2.0),4,0.11097137277749884,17.79377713205583,22.42269384448867,1.1094818115234375,2.9554824084570264,4.0,0.0,laplace,,1.0,,,,2.0,,,,,,,,,,
FP6,Laplace(b=2.0),6,0.016753777239179035,26.00475935039784,12.415737607597524,0.6695556640625,4.319297034343571,6.0,0.0,laplace,,1.0,,,,2.0,,,,,,,,,,
SQ-Format,Laplace(b=2.0),4,0.1398140464332347,16.79037866694324,22.47399800916665,4.712977409362793,2.788821530875808,5.04,1.0,laplace,,1.26,4.0,8.0,0.01,2.0,,,,,,,,,,
HAD+INT4(C),Laplace(b=2.0),4,0.13051067832311003,17.089426248368127,2.056130246385359,1.1577115058898926,2.838492258997981,4.0,0.0,laplace,,1.0,,,,2.0,,,,,,,,,,
HAD+INT8(C),Laplace(b=2.0),8,0.03773341782860595,22.478625271019087,2.1440562183483802,0.5559206008911133,3.733618841112168,8.0,0.0,laplace,,1.0,,,,2.0,,,,,,,,,,
HAD+INT4(T),Laplace(b=2.0),4,0.13051067832311003,17.089426248368127,2.056130246385359,1.1577115058898926,2.838492258997981,4.0,0.0,laplace,,1.0,,,,2.0,,,,,,,,,,
HAD+INT8(T),Laplace(b=2.0),8,0.03773341782860595,22.478625271019087,2.1440562183483802,0.5559206008911133,3.733618841112168,8.0,0.0,laplace,,1.0,,,,2.0,,,,,,,,,,
HAD+SQ,Laplace(b=2.0),4,0.09942782874229761,18.27080716136114,1.8984386561088809,0.9819302558898926,3.0347153812797396,5.04,1.0,laplace,,1.26,4.0,8.0,0.01,2.0,,,,,,,,,,
HAD+LUT4,Laplace(b=2.0),4,0.13453464238268054,16.957545430986244,1.8263004577848563,1.1342844665050507,2.8165873293761012,4.0,0.0,laplace,,1.0,,,,2.0,,,,,,,,,,
RandRot+INT4,Laplace(b=2.0),4,0.07525779026038751,19.480372094388578,1.6742264719886777,0.8573716878890991,3.2356197679604595,4.0,0.0,laplace,,1.0,,,,2.0,,,,,,,,,,
RandRot+INT8,Laplace(b=2.0),8,0.0005239099719953982,41.05332006938675,0.2954501480915187,0.06851327419281006,6.818808866344953,8.0,0.0,laplace,,1.0,,,,2.0,,,,,,,,,,
SmoothQuant+INT4,Laplace(b=2.0),4,0.2713997481516893,13.909792314220786,22.87821800212962,0.9027199745178223,2.3103664941329165,4.0,0.0,laplace,,1.0,,,,2.0,,,,,,,,,,
SmoothQuant+INT8,Laplace(b=2.0),8,0.0007936492272074848,39.24960074031248,3.0043552366248134,0.04971623420715332,6.519217570617792,8.0,0.0,laplace,,1.0,,,,2.0,,,,,,,,,,
HAD+INT4,Laplace(b=2.0),4,0.13051067832311003,17.089426248368127,2.056130246385359,1.1577115058898926,2.838492258997981,4.0,0.0,laplace,,1.0,,,,2.0,,,,,,,,,,
HAD+INT8,Laplace(b=2.0),8,0.03773341782860595,22.478625271019087,2.1440562183483802,0.5559206008911133,3.733618841112168,8.0,0.0,laplace,,1.0,,,,2.0,,,,,,,,,,
FP32,Student-t(ν=3),32,0.0,inf,0.0,0.0,inf,32.0,0.0,student_t,,,,,,,3.0,,,,,,,,,
BF16,Student-t(ν=3),16,2.1959568146451507e-05,49.630256046393946,0.2775650206141086,0.029946327209472656,8.243407095848472,16.0,0.0,student_t,,,,,,,3.0,,,,,,,,,
INT4,Student-t(ν=3),4,0.08198440354121181,13.909181583264633,22.736009421086884,2.8093037605285645,2.3102650539168335,4.0,0.0,student_t,,1.0,,,,,3.0,,,,,,,,,
INT8,Student-t(ν=3),8,0.03726427401610841,17.333567350234024,0.7292183174818541,2.3405537605285645,2.879043218268235,8.0,0.0,student_t,,1.0,,,,,3.0,,,,,,,,,
MXINT4,Student-t(ν=3),4,0.09772771883385054,13.14631638170464,20.760490969358095,2.8093037605285645,2.1835558866331306,4.0,0.25,student_t,,1.0625,,,,,3.0,,,,,,,,,
MXINT8,Student-t(ν=3),8,0.08703211937662877,13.649698402888774,1.4384640451749862,2.3405537605285645,2.267165830564769,8.0,0.25,student_t,,1.03125,,,,,3.0,,,,,,,,,
MXFP4,Student-t(ν=3),4,0.10259694721921028,12.935149612325525,19.6845028577389,2.9029898643493652,2.1484818454377765,4.0,0.25,student_t,,1.0625,,,,,3.0,,,,,,,,,
MXFP8,Student-t(ν=3),8,0.08333599289559832,13.83816785601985,7.598004372191701,2.8093037605285645,2.298469929133978,8.0,0.25,student_t,,1.03125,,,,,3.0,,,,,,,,,
NVFP4,Student-t(ν=3),4,0.03031861781877729,18.229400011675633,22.840907890738013,0.7472295761108398,3.027837802586265,4.0,0.0,student_t,,,,,,,3.0,,,,,,,,,
NF4,Student-t(ν=3),4,0.03166364436986614,18.04088500619336,23.033332772933246,0.8602786064147949,2.996526137935294,4.0,0.0,student_t,,1.0,,,,,3.0,,,,,,,,,
FP6,Student-t(ν=3),6,0.005367220047577746,25.748999986892528,11.892892300949317,0.4063138961791992,4.276816323585631,6.0,0.0,student_t,,1.0,,,,,3.0,,,,,,,,,
SQ-Format,Student-t(ν=3),4,0.06130201206346306,15.171746705034373,22.691985313434845,2.3405537605285645,2.5199725813984224,5.04,1.0,student_t,,1.26,4.0,8.0,0.01,,3.0,,,,,,,,,
HAD+INT4(C),Student-t(ν=3),4,0.04920410641217507,16.126480506691365,2.680444085358653,0.6951746940612793,2.678550433341572,4.0,0.0,student_t,,1.0,,,,,3.0,,,,,,,,,
HAD+INT8(C),Student-t(ν=3),8,0.019299340967469967,20.191069207280457,1.9012424266653762,0.41018471121788025,3.3536640032740026,8.0,0.0,student_t,,1.0,,,,,3.0,,,,,,,,,
HAD+INT4(T),Student-t(ν=3),4,0.04920410641217507,16.126480506691365,2.680444085358653,0.6951746940612793,2.678550433341572,4.0,0.0,student_t,,1.0,,,,,3.0,,,,,,,,,
HAD+INT8(T),Student-t(ν=3),8,0.019299340967469967,20.191069207280457,1.9012424266653762,0.41018471121788025,3.3536640032740026,8.0,0.0,student_t,,1.0,,,,,3.0,,,,,,,,,
HAD+SQ,Student-t(ν=3),4,0.03923344855181418,17.109929161956813,2.0677772648776678,0.6365809440612793,2.8418977192318464,5.04,1.0,student_t,,1.26,4.0,8.0,0.01,,3.0,,,,,,,,,
HAD+LUT4,Student-t(ν=3),4,0.0455102061483568,16.465405969898125,1.5752363560816969,0.656043291091919,2.734844734256534,4.0,0.0,student_t,,1.0,,,,,3.0,,,,,,,,,
RandRot+INT4,Student-t(ν=3),4,0.024757928524073502,19.109350949329293,2.0080579377956003,0.5034400522708893,3.1739944896819736,4.0,0.0,student_t,,1.0,,,,,3.0,,,,,,,,,
RandRot+INT8,Student-t(ν=3),8,0.001457219788833247,31.41124339465822,0.8125741182397238,0.1567479968070984,5.217294596403011,8.0,0.0,student_t,,1.0,,,,,3.0,,,,,,,,,
SmoothQuant+INT4,Student-t(ν=3),4,0.06765130463619118,14.74373223471674,23.20999429275944,0.4505878686904907,2.448880916700099,4.0,0.0,student_t,,1.0,,,,,3.0,,,,,,,,,
SmoothQuant+INT8,Student-t(ν=3),8,0.00019842882349267716,40.07044642323854,1.2425638204684053,0.024800777435302734,6.655557087401747,8.0,0.0,student_t,,1.0,,,,,3.0,,,,,,,,,
HAD+INT4,Student-t(ν=3),4,0.04920410641217507,16.126480506691365,2.680444085358653,0.6951746940612793,2.678550433341572,4.0,0.0,student_t,,1.0,,,,,3.0,,,,,,,,,
HAD+INT8,Student-t(ν=3),8,0.019299340967469967,20.191069207280457,1.9012424266653762,0.41018471121788025,3.3536640032740026,8.0,0.0,student_t,,1.0,,,,,3.0,,,,,,,,,
FP32,Student-t(ν=5),32,0.0,inf,0.0,0.0,inf,32.0,0.0,student_t,,,,,,,5.0,,,,,,,,,
BF16,Student-t(ν=5),16,1.7715491678900802e-05,50.321594473027034,0.09432564331971836,0.03266620635986328,8.358235922973856,16.0,0.0,student_t,,,,,,,5.0,,,,,,,,,
INT4,Student-t(ν=5),4,0.3231526972201382,7.711048724774566,24.264921268612767,0.9985705614089966,1.2807774699936998,4.0,0.0,student_t,,1.0,,,,,5.0,,,,,,,,,
INT8,Student-t(ν=5),8,0.08851571673923805,13.334922672991496,0.29581876659476414,6.720166206359863,2.2148827135280467,8.0,0.0,student_t,,1.0,,,,,5.0,,,,,,,,,
MXINT4,Student-t(ν=5),4,0.07787243103368288,13.891289248447457,18.189701650562696,1.6967878341674805,2.3072932014312175,4.0,0.25,student_t,,1.0625,,,,,5.0,,,,,,,,,
MXINT8,Student-t(ν=5),8,0.11658586060283957,12.138667747367553,1.044534173251635,6.720166206359863,2.0161890712241686,8.0,0.25,student_t,,1.03125,,,,,5.0,,,,,,,,,
MXFP4,Student-t(ν=5),4,0.084776402084316,13.52237676486352,15.892571760347552,2.6576662063598633,2.24601816424261,4.0,0.25,student_t,,1.0625,,,,,5.0,,,,,,,,,
MXFP8,Student-t(ν=5),8,0.05085985131208856,15.741375714363091,4.885767921739931,1.6967878341674805,2.6145859118860186,8.0,0.25,student_t,,1.03125,,,,,5.0,,,,,,,,,
NVFP4,Student-t(ν=5),4,0.09889995031400664,12.853165842117358,23.14784336505216,2.6576662063598633,2.1348646359588117,4.0,0.0,student_t,,,,,,,5.0,,,,,,,,,
NF4,Student-t(ν=5),4,0.13098945397731862,11.632763258155327,23.51439677935361,0.6837368011474609,1.9321601544219815,4.0,0.0,student_t,,1.0,,,,,5.0,,,,,,,,,
FP6,Student-t(ν=5),6,0.0034732090330253417,27.39781735772208,8.083896849272033,0.2640981674194336,4.5506789609604805,6.0,0.0,student_t,,1.0,,,,,5.0,,,,,,,,,
SQ-Format,Student-t(ν=5),4,0.1086081163782355,12.446503759584148,21.284745000062188,6.720166206359863,2.067319526104188,5.04,1.0,student_t,,1.26,4.0,8.0,0.01,,5.0,,,,,,,,,
HAD+INT4(C),Student-t(ν=5),4,0.04255680822689121,16.515436093305425,0.9596182558466368,0.7826662063598633,2.7431545578834036,4.0,0.0,student_t,,1.0,,,,,5.0,,,,,,,,,
HAD+INT8(C),Student-t(ν=5),8,0.016341136990206652,20.672303868613643,1.1618000193278573,0.3959474563598633,3.433595350359818,8.0,0.0,student_t,,1.0,,,,,5.0,,,,,,,,,
HAD+INT4(T),Student-t(ν=5),4,0.04255680822689121,16.515436093305425,0.9596182558466368,0.7826662063598633,2.7431545578834036,4.0,0.0,student_t,,1.0,,,,,5.0,,,,,,,,,
HAD+INT8(T),Student-t(ν=5),8,0.016341136990206652,20.672303868613643,1.1618000193278573,0.3959474563598633,3.433595350359818,8.0,0.0,student_t,,1.0,,,,,5.0,,,,,,,,,
HAD+SQ,Student-t(ν=5),4,0.03318299855217808,17.595970295287646,0.8639868167566165,0.6947755813598633,2.922627404035975,5.04,1.0,student_t,,1.26,4.0,8.0,0.01,,5.0,,,,,,,,,
HAD+LUT4,Student-t(ν=5),4,0.047564412565811294,16.03230520171305,0.9226489933403301,0.6280393600463867,2.6629082537689692,4.0,0.0,student_t,,1.0,,,,,5.0,,,,,,,,,
RandRot+INT4,Student-t(ν=5),4,0.02222710686849199,19.33629720019368,0.8141138477364495,0.4986499398946762,3.2116894460207615,4.0,0.0,student_t,,1.0,,,,,5.0,,,,,,,,,
RandRot+INT8,Student-t(ν=5),8,0.00011447284189041986,42.21810192924306,0.14403126553718726,0.035511285066604614,7.012274945578544,8.0,0.0,student_t,,1.0,,,,,5.0,,,,,,,,,
SmoothQuant+INT4,Student-t(ν=5),4,0.3529697644428944,7.327751525151168,24.177348437677935,1.0465115308761597,1.2171131831876694,4.0,0.0,student_t,,1.0,,,,,5.0,,,,,,,,,
SmoothQuant+INT8,Student-t(ν=5),8,0.0011223298550341976,32.30392141910373,8.457918040730046,0.057622432708740234,5.365565206857716,8.0,0.0,student_t,,1.0,,,,,5.0,,,,,,,,,
HAD+INT4,Student-t(ν=5),4,0.04255680822689121,16.515436093305425,0.9596182558466368,0.7826662063598633,2.7431545578834036,4.0,0.0,student_t,,1.0,,,,,5.0,,,,,,,,,
HAD+INT8,Student-t(ν=5),8,0.016341136990206652,20.672303868613643,1.1618000193278573,0.3959474563598633,3.433595350359818,8.0,0.0,student_t,,1.0,,,,,5.0,,,,,,,,,
FP32,Student-t(ν=10),32,0.0,inf,0.0,0.0,inf,32.0,0.0,student_t,,,,,,,10.0,,,,,,,,,
BF16,Student-t(ν=10),16,1.475663616562766e-05,49.46777762789477,0.2509524355754764,0.015552997589111328,8.216420014687207,16.0,0.0,student_t,,,,,,,10.0,,,,,,,,,
INT4,Student-t(ν=10),4,0.029999922995277616,16.386449924295075,22.347973389100325,1.982947826385498,2.721730418949035,4.0,0.0,student_t,,1.0,,,,,10.0,,,,,,,,,
INT8,Student-t(ν=10),8,0.005056932682184514,24.11877960041108,0.3581375613498067,1.514197826385498,4.006042578450088,8.0,0.0,student_t,,1.0,,,,,10.0,,,,,,,,,
MXINT4,Student-t(ν=10),4,0.05950656856811506,13.412002248896414,20.54963487275409,1.982947826385498,2.227685353965074,4.0,0.25,student_t,,1.0625,,,,,10.0,,,,,,,,,
MXINT8,Student-t(ν=10),8,0.029607874369394126,16.44357903075193,1.3157905237570686,1.514197826385498,2.7312193581377766,8.0,0.25,student_t,,1.03125,,,,,10.0,,,,,,,,,
MXFP4,Student-t(ν=10),4,0.06713124600145634,12.888404243303405,19.642436409901915,2.482947826385498,2.140717607704754,4.0,0.25,student_t,,1.0625,,,,,10.0,,,,,,,,,
MXFP8,Student-t(ν=10),8,0.05322525347709897,13.896473940141199,8.859996259280333,1.982947826385498,2.3081543600812564,8.0,0.25,student_t,,1.03125,,,,,10.0,,,,,,,,,
NVFP4,Student-t(ν=10),4,0.03109900111093552,16.23018692526571,21.436454766683436,2.482947826385498,2.6957756966156845,4.0,0.0,student_t,,,,,,,10.0,,,,,,,,,
NF4,Student-t(ν=10),4,0.020022878213368296,18.142386265626673,22.507176879953892,0.6557645797729492,3.0133851322041934,4.0,0.0,student_t,,1.0,,,,,10.0,,,,,,,,,
FP6,Student-t(ν=10),6,0.0033896281724175854,25.85613071804797,13.220799217830981,0.2267165184020996,4.294610352868185,6.0,0.0,student_t,,1.0,,,,,10.0,,,,,,,,,
SQ-Format,Student-t(ν=10),4,0.044132391156101534,14.710076736090684,20.643175312564377,1.514197826385498,2.4432908593784317,5.04,1.0,student_t,,1.26,4.0,8.0,0.01,,10.0,,,,,,,,,
HAD+INT4(C),Student-t(ν=10),4,0.017967594523303067,18.612751941339425,1.6432247747374096,0.4755600690841675,3.0915111798552366,4.0,0.0,student_t,,1.0,,,,,10.0,,,,,,,,,
HAD+INT8(C),Student-t(ν=10),8,0.002954490046843862,26.452826011336064,1.6068365494734886,0.12204444408416748,4.3937192958112234,8.0,0.0,student_t,,1.0,,,,,10.0,,,,,,,,,
HAD+INT4(T),Student-t(ν=10),4,0.017967594523303067,18.612751941339425,1.6432247747374096,0.4755600690841675,3.0915111798552366,4.0,0.0,student_t,,1.0,,,,,10.0,,,,,,,,,
HAD+INT8(T),Student-t(ν=10),8,0.002954490046843862,26.452826011336064,1.6068365494734886,0.12204444408416748,4.3937192958112234,8.0,0.0,student_t,,1.0,,,,,10.0,,,,,,,,,
HAD+SQ,Student-t(ν=10),4,0.013550681855314797,19.838039834122398,1.241471442765631,0.3876694440841675,3.2950270936232915,5.04,1.0,student_t,,1.26,4.0,8.0,0.01,,10.0,,,,,,,,,
HAD+LUT4,Student-t(ν=10),4,0.033362212810660104,15.925102840819372,1.6307935144677397,0.7721148729324341,2.645102327044421,4.0,0.0,student_t,,1.0,,,,,10.0,,,,,,,,,
RandRot+INT4,Student-t(ν=10),4,0.02118574097217176,17.89721474319995,1.3270929901549182,0.4542103409767151,2.972663023783411,4.0,0.0,student_t,,1.0,,,,,10.0,,,,,,,,,
RandRot+INT8,Student-t(ν=10),8,0.00011605954462681173,40.510842701635106,0.2817254748643827,0.03866994380950928,6.7287053259062155,8.0,0.0,student_t,,1.0,,,,,10.0,,,,,,,,,
SmoothQuant+INT4,Student-t(ν=10),4,0.050232113101816585,14.147836844883535,23.25464473139718,0.3908563256263733,2.3499048348450597,4.0,0.0,student_t,,1.0,,,,,10.0,,,,,,,,,
SmoothQuant+INT8,Student-t(ν=10),8,0.00015605711413328217,39.224815608729685,2.7923325799975958,0.021573662757873535,6.515100849370774,8.0,0.0,student_t,,1.0,,,,,10.0,,,,,,,,,
HAD+INT4,Student-t(ν=10),4,0.017967594523303067,18.612751941339425,1.6432247747374096,0.4755600690841675,3.0915111798552366,4.0,0.0,student_t,,1.0,,,,,10.0,,,,,,,,,
HAD+INT8,Student-t(ν=10),8,0.002954490046843862,26.452826011336064,1.6068365494734886,0.12204444408416748,4.3937192958112234,8.0,0.0,student_t,,1.0,,,,,10.0,,,,,,,,,
FP32,Bimodal(μ=±3),32,0.0,inf,0.0,0.0,inf,32.0,0.0,bimodal,0.5,,,,,,,-3.0,3.0,,,,,,,
BF16,Bimodal(μ=±3),16,8.352415875795272e-05,50.47157435671451,0.4107011161277052,0.025085926055908203,8.383147042438324,16.0,0.0,bimodal,0.5,,,,,,,-3.0,3.0,,,,,,,
INT4,Bimodal(μ=±3),4,0.03080503076831026,24.803478989522407,23.169037436016232,0.7988367080688477,4.1197686853121445,4.0,0.0,bimodal,0.5,1.0,,,,,,-3.0,3.0,,,,,,,
INT8,Bimodal(μ=±3),8,0.0005513515095613708,42.27540977879186,0.8848670394194662,0.33008670806884766,7.02179357335223,8.0,0.0,bimodal,0.5,1.0,,,,,,-3.0,3.0,,,,,,,
MXINT4,Bimodal(μ=±3),4,0.03080503076831026,24.803478989522407,23.169037436016232,0.7988367080688477,4.1197686853121445,4.0,0.25,bimodal,0.5,1.0625,,,,,,-3.0,3.0,,,,,,,
MXINT8,Bimodal(μ=±3),8,0.6119402339206814,11.822605376770554,3.4739965460442015,1.9842405319213867,1.9636922477930245,8.0,0.25,bimodal,0.5,1.03125,,,,,,-3.0,3.0,,,,,,,
MXFP4,Bimodal(μ=±3),4,0.14636690628299637,18.03526652492639,23.840680327447945,1.2988367080688477,2.9955929283967273,4.0,0.25,bimodal,0.5,1.0625,,,,,,-3.0,3.0,,,,,,,
MXFP8,Bimodal(μ=±3),8,0.017073808168565463,27.366391482272494,21.60694167516906,0.7988367080688477,4.54545923603236,8.0,0.25,bimodal,0.5,1.03125,,,,,,-3.0,3.0,,,,,,,
NVFP4,Bimodal(μ=±3),4,0.14636690628299637,18.03526652492639,23.840680327447945,1.2988367080688477,2.9955929283967273,4.0,0.0,bimodal,0.5,,,,,,,-3.0,3.0,,,,,,,
NF4,Bimodal(μ=±3),4,0.08068112068393013,20.6219762380101,23.47896899878785,0.6508922576904297,3.425236111857267,4.0,0.0,bimodal,0.5,1.0,,,,,,-3.0,3.0,,,,,,,
FP6,Bimodal(μ=±3),6,0.027672084798168795,25.269276660009552,22.780815459764487,0.306485652923584,4.197136003718362,6.0,0.0,bimodal,0.5,1.0,,,,,,-3.0,3.0,,,,,,,
SQ-Format,Bimodal(μ=±3),4,0.02631368661582617,25.48787847725559,23.07561190390426,0.5384902954101562,4.233444979633513,5.04,1.0,bimodal,0.5,1.26,4.0,8.0,0.01,,,-3.0,3.0,,,,,,,
HAD+INT4(C),Bimodal(μ=±3),4,0.16751046943295894,17.449275901582215,16.727199107390753,1.3904249668121338,2.8982619926453483,4.0,0.0,bimodal,0.5,1.0,,,,,,-3.0,3.0,,,,,,,
HAD+INT8(C),Bimodal(μ=±3),8,0.15796483805184341,17.704091192808605,1.1106251877418547,1.0655326843261719,2.940585896391941,8.0,0.0,bimodal,0.5,1.0,,,,,,-3.0,3.0,,,,,,,
HAD+INT4(T),Bimodal(μ=±3),4,0.16751046943295894,17.449275901582215,16.727199107390753,1.3904249668121338,2.8982619926453483,4.0,0.0,bimodal,0.5,1.0,,,,,,-3.0,3.0,,,,,,,
HAD+INT8(T),Bimodal(μ=±3),8,0.15796483805184341,17.704091192808605,1.1106251877418547,1.0655326843261719,2.940585896391941,8.0,0.0,bimodal,0.5,1.0,,,,,,-3.0,3.0,,,,,,,
HAD+SQ,Bimodal(μ=±3),4,0.2785429266457455,15.240774114521038,8.297857573202391,1.736726999282837,2.531437785942975,5.04,1.0,bimodal,0.5,1.26,4.0,8.0,0.01,,,-3.0,3.0,,,,,,,
HAD+LUT4,Bimodal(μ=±3),4,0.22541102194204157,16.159943978949187,1.3732194826608506,1.7148008346557617,2.6841085957738584,4.0,0.0,bimodal,0.5,1.0,,,,,,-3.0,3.0,,,,,,,
RandRot+INT4,Bimodal(μ=±3),4,0.11633953132667188,19.032422359463542,1.0078887168355375,1.1714110970497131,3.161216927483218,4.0,0.0,bimodal,0.5,1.0,,,,,,-3.0,3.0,,,,,,,
RandRot+INT8,Bimodal(μ=±3),8,0.008834525467241922,30.22786318840232,1.135894216461344,0.4565732479095459,5.020739398698257,8.0,0.0,bimodal,0.5,1.0,,,,,,-3.0,3.0,,,,,,,
SmoothQuant+INT4,Bimodal(μ=±3),4,0.03107930894944405,24.764981921898933,23.017190306016758,0.306485652923584,4.113374460786685,4.0,0.0,bimodal,0.5,1.0,,,,,,-3.0,3.0,,,,,,,
SmoothQuant+INT8,Bimodal(μ=±3),8,9.37412094901835e-05,49.97038993180523,1.1932624609300906,0.016881704330444336,8.299902111347018,8.0,0.0,bimodal,0.5,1.0,,,,,,-3.0,3.0,,,,,,,
HAD+INT4,Bimodal(μ=±3),4,0.16751046943295894,17.449275901582215,16.727199107390753,1.3904249668121338,2.8982619926453483,4.0,0.0,bimodal,0.5,1.0,,,,,,-3.0,3.0,,,,,,,
HAD+INT8,Bimodal(μ=±3),8,0.15796483805184341,17.704091192808605,1.1106251877418547,1.0655326843261719,2.940585896391941,8.0,0.0,bimodal,0.5,1.0,,,,,,-3.0,3.0,,,,,,,
FP32,ChannelOutlier(σ=30),32,0.0,inf,0.0,0.0,inf,32.0,0.0,channel_outliers,,,,,,,,,,0.01,30.0,6.0,,,,
BF16,ChannelOutlier(σ=30),16,3.732786682537912e-05,50.16898057134461,0.0009806102026048546,0.09918403625488281,8.332887302590395,16.0,0.0,channel_outliers,,,,,,,,,,0.01,30.0,6.0,,,,
INT4,ChannelOutlier(σ=30),4,0.6610636093041868,7.686879786845637,24.10244273929235,9.724184036254883,1.2767630962972152,4.0,0.0,channel_outliers,,1.0,,,,,,,,0.01,30.0,6.0,,,,
INT8,ChannelOutlier(σ=30),8,0.2002747838246471,12.873049575205535,0.3566945286718852,7.849184036254883,2.1381672525376545,8.0,0.0,channel_outliers,,1.0,,,,,,,,0.01,30.0,6.0,,,,
MXINT4,ChannelOutlier(σ=30),4,0.44956602831145964,9.361377430399742,5.767942785367201,9.724184036254883,1.5548911346444683,4.0,0.25,channel_outliers,,1.0625,,,,,,,,0.01,30.0,6.0,,,,
MXINT8,ChannelOutlier(σ=30),8,0.22634409600211647,12.341620583866842,0.7625918551442444,7.849184036254883,2.0498988076993716,8.0,0.25,channel_outliers,,1.03125,,,,,,,,0.01,30.0,6.0,,,,
MXFP4,ChannelOutlier(σ=30),4,0.6337891140588219,7.869864536641229,6.601671528610236,11.724184036254883,1.3071562053613106,4.0,0.25,channel_outliers,,1.0625,,,,,,,,0.01,30.0,6.0,,,,
MXFP8,ChannelOutlier(σ=30),8,0.3864673108680815,10.018184639144877,1.2118525168968133,9.724184036254883,1.6639844506272192,8.0,0.25,channel_outliers,,1.03125,,,,,,,,0.01,30.0,6.0,,,,
NVFP4,ChannelOutlier(σ=30),4,0.6308035819179387,7.890370784184947,21.766208008520387,11.724184036254883,1.3105622193531203,4.0,0.0,channel_outliers,,,,,,,,,,0.01,30.0,6.0,,,,
NF4,ChannelOutlier(σ=30),4,0.3652202886406196,10.263763337865196,23.496640102150185,3.0730152130126953,1.7047741895664648,4.0,0.0,channel_outliers,,1.0,,,,,,,,0.01,30.0,6.0,,,,
FP6,ChannelOutlier(σ=30),6,0.0026206760190047654,31.705178945320366,2.3928806421617255,0.31615447998046875,5.26611623459455,6.0,0.0,channel_outliers,,1.0,,,,,,,,0.01,30.0,6.0,,,,
SQ-Format,ChannelOutlier(σ=30),4,0.2207784289144222,12.449745906276778,8.80272755726645,7.849184036254883,2.067858035013488,5.04,1.0,channel_outliers,,1.26,4.0,8.0,0.01,,,,,0.01,30.0,6.0,,,,
HAD+INT4(C),ChannelOutlier(σ=30),4,0.040919406938727615,19.770018984718607,0.4093031912292095,0.6107982993125916,3.2837290750896635,4.0,0.0,channel_outliers,,1.0,,,,,,,,0.01,30.0,6.0,,,,
HAD+INT8(C),ChannelOutlier(σ=30),8,0.13616770652056093,14.54857106473991,0.6232269243938531,2.6609344482421875,2.4164653480212426,8.0,0.0,channel_outliers,,1.0,,,,,,,,0.01,30.0,6.0,,,,
HAD+INT4(T),ChannelOutlier(σ=30),4,0.040919406938727615,19.770018984718607,0.4093031912292095,0.6107982993125916,3.2837290750896635,4.0,0.0,channel_outliers,,1.0,,,,,,,,0.01,30.0,6.0,,,,
HAD+INT8(T),ChannelOutlier(σ=30),8,0.13616770652056093,14.54857106473991,0.6232269243938531,2.6609344482421875,2.4164653480212426,8.0,0.0,channel_outliers,,1.0,,,,,,,,0.01,30.0,6.0,,,,
HAD+SQ,ChannelOutlier(σ=30),4,0.2291214345351677,12.288655093894468,0.8017555311676309,4.0007781982421875,2.0411014302394364,5.04,1.0,channel_outliers,,1.26,4.0,8.0,0.01,,,,,0.01,30.0,6.0,,,,
HAD+LUT4,ChannelOutlier(σ=30),4,0.06077914711499336,18.05176627616835,0.3166008680047819,0.7226048707962036,2.9983334777571935,4.0,0.0,channel_outliers,,1.0,,,,,,,,0.01,30.0,6.0,,,,
RandRot+INT4,ChannelOutlier(σ=30),4,0.10132977916929463,15.831941329717466,0.3627077137438871,2.141134262084961,2.629628534989842,4.0,0.0,channel_outliers,,1.0,,,,,,,,0.01,30.0,6.0,,,,
RandRot+INT8,ChannelOutlier(σ=30),8,0.03868500336021882,20.01388590237709,0.29219937914587335,1.2577095031738281,3.324234493348828,8.0,0.0,channel_outliers,,1.0,,,,,,,,0.01,30.0,6.0,,,,
SmoothQuant+INT4,ChannelOutlier(σ=30),4,0.7161979078325629,7.338981811440241,24.470578933181905,1.687334418296814,1.218978493364534,4.0,0.0,channel_outliers,,1.0,,,,,,,,0.01,30.0,6.0,,,,
SmoothQuant+INT8,ChannelOutlier(σ=30),8,0.003075838048620879,31.009677642286796,1.5030194316721568,0.093089759349823,5.150595968665651,8.0,0.0,channel_outliers,,1.0,,,,,,,,0.01,30.0,6.0,,,,
HAD+INT4,ChannelOutlier(σ=30),4,0.040919406938727615,19.770018984718607,0.4093031912292095,0.6107982993125916,3.2837290750896635,4.0,0.0,channel_outliers,,1.0,,,,,,,,0.01,30.0,6.0,,,,
HAD+INT8,ChannelOutlier(σ=30),8,0.13616770652056093,14.54857106473991,0.6232269243938531,2.6609344482421875,2.4164653480212426,8.0,0.0,channel_outliers,,1.0,,,,,,,,0.01,30.0,6.0,,,,
FP32,ChannelOutlier(σ=50),32,0.0,inf,0.0,0.0,inf,32.0,0.0,channel_outliers,,,,,,,,,,0.01,50.0,6.0,,,,
BF16,ChannelOutlier(σ=50),16,0.00014635163778160828,47.950759464009195,8.720192174077666e-05,0.16861343383789062,7.964448751733911,16.0,0.0,channel_outliers,,,,,,,,,,0.01,50.0,6.0,,,,
INT4,ChannelOutlier(σ=50),4,1.218957733800739,8.744848861384128,23.22988744802418,11.540306091308594,1.4524879559087847,4.0,0.0,channel_outliers,,1.0,,,,,,,,0.01,50.0,6.0,,,,
INT8,ChannelOutlier(σ=50),8,0.14330568099230243,18.042101260220083,0.2270936017553014,7.790306091308594,2.996728153356389,8.0,0.0,channel_outliers,,1.0,,,,,,,,0.01,50.0,6.0,,,,
MXINT4,ChannelOutlier(σ=50),4,0.5951281037317991,11.858630738346074,1.0879384078721526,11.540306091308594,1.9696759308303344,4.0,0.25,channel_outliers,,1.0625,,,,,,,,0.01,50.0,6.0,,,,
MXINT8,ChannelOutlier(σ=50),8,0.15782695764359653,17.622923483640275,0.4274789598927192,7.790306091308594,2.927104231717745,8.0,0.25,channel_outliers,,1.03125,,,,,,,,0.01,50.0,6.0,,,,
MXFP4,ChannelOutlier(σ=50),4,1.0102841333476995,9.560300008822791,3.757368716159346,15.540306091308594,1.5879314597430163,4.0,0.25,channel_outliers,,1.0625,,,,,,,,0.01,50.0,6.0,,,,
MXFP8,ChannelOutlier(σ=50),8,0.44123056280536566,13.158079460975195,0.4583594777337532,11.540306091308594,2.1855096918086927,8.0,0.25,channel_outliers,,1.03125,,,,,,,,0.01,50.0,6.0,,,,
NVFP4,ChannelOutlier(σ=50),4,1.1775747299847303,8.894850558638717,22.678401632263334,15.540306091308594,1.4774026985283253,4.0,0.0,channel_outliers,,,,,,,,,,0.01,50.0,6.0,,,,
NF4,ChannelOutlier(σ=50),4,0.8043705881668792,10.550173510449381,22.910241420607104,5.121692657470703,1.7523458895149115,4.0,0.0,channel_outliers,,1.0,,,,,,,,0.01,50.0,6.0,,,,
FP6,ChannelOutlier(σ=50),6,0.0037419062795574364,33.873806273857895,0.5272699453606967,0.5269203186035156,5.626317437095017,6.0,0.0,channel_outliers,,1.0,,,,,,,,0.01,50.0,6.0,,,,
SQ-Format,ChannelOutlier(σ=50),4,0.16124536730184866,17.529862873838006,1.3932618154311556,7.790306091308594,2.9116471990062696,5.04,1.0,channel_outliers,,1.26,4.0,8.0,0.01,,,,,0.01,50.0,6.0,,,,
HAD+INT4(C),ChannelOutlier(σ=50),4,0.13995045699897632,18.14499212305597,0.4667412471959941,2.0226778090000153,3.013817955754476,4.0,0.0,channel_outliers,,1.0,,,,,,,,0.01,50.0,6.0,,,,
HAD+INT8(C),ChannelOutlier(σ=50),8,0.02856422156664381,25.04651140123528,0.42057801090968394,0.7531465590000153,4.160135495134005,8.0,0.0,channel_outliers,,1.0,,,,,,,,0.01,50.0,6.0,,,,
HAD+INT4(T),ChannelOutlier(σ=50),4,0.13995045699897632,18.14499212305597,0.4667412471959941,2.0226778090000153,3.013817955754476,4.0,0.0,channel_outliers,,1.0,,,,,,,,0.01,50.0,6.0,,,,
HAD+INT8(T),ChannelOutlier(σ=50),8,0.02856422156664381,25.04651140123528,0.42057801090968394,0.7531465590000153,4.160135495134005,8.0,0.0,channel_outliers,,1.0,,,,,,,,0.01,50.0,6.0,,,,
HAD+SQ,ChannelOutlier(σ=50),4,0.11587074809595763,18.964997223620948,0.46600952271445195,1.8468965590000153,3.1500178548303626,5.04,1.0,channel_outliers,,1.26,4.0,8.0,0.01,,,,,0.01,50.0,6.0,,,,
HAD+LUT4,ChannelOutlier(σ=50),4,0.1250410143636066,18.63421045140474,0.25872979038744326,1.071377505082637,3.0950753612282567,4.0,0.0,channel_outliers,,1.0,,,,,,,,0.01,50.0,6.0,,,,
RandRot+INT4,ChannelOutlier(σ=50),4,0.10563421451518551,19.366689259768812,0.15387513004524928,1.2122421264648438,3.2167374578489674,4.0,0.0,channel_outliers,,1.0,,,,,,,,0.01,50.0,6.0,,,,
RandRot+INT8,ChannelOutlier(σ=50),8,0.004599923925972913,32.97722883937033,0.006430175300407482,0.3252256065607071,5.477399148651704,8.0,0.0,channel_outliers,,1.0,,,,,,,,0.01,50.0,6.0,,,,
SmoothQuant+INT4,ChannelOutlier(σ=50),4,0.9263013294596085,9.937212459038069,23.180715794896674,2.7435481548309326,1.6505352626271648,4.0,0.0,channel_outliers,,1.0,,,,,,,,0.01,50.0,6.0,,,,
SmoothQuant+INT8,ChannelOutlier(σ=50),8,0.008534394431300116,30.29300822637705,0.8155241360750456,0.15542933344841003,5.031559755292796,8.0,0.0,channel_outliers,,1.0,,,,,,,,0.01,50.0,6.0,,,,
HAD+INT4,ChannelOutlier(σ=50),4,0.13995045699897632,18.14499212305597,0.4667412471959941,2.0226778090000153,3.013817955754476,4.0,0.0,channel_outliers,,1.0,,,,,,,,0.01,50.0,6.0,,,,
HAD+INT8,ChannelOutlier(σ=50),8,0.02856422156664381,25.04651140123528,0.42057801090968394,0.7531465590000153,4.160135495134005,8.0,0.0,channel_outliers,,1.0,,,,,,,,0.01,50.0,6.0,,,,
FP32,ChannelOutlier(σ=100),32,0.0,inf,0.0,0.0,inf,32.0,0.0,channel_outliers,,,,,,,,,,0.01,100.0,6.0,,,,
BF16,ChannelOutlier(σ=100),16,0.0005553844608404274,47.834725357866205,0.0,0.33722686767578125,7.945175903875834,16.0,0.0,channel_outliers,,,,,,,,,,0.01,100.0,6.0,,,,
INT4,ChannelOutlier(σ=100),4,2.5391063067895536,11.233853759924376,19.95638361971646,23.080612182617188,1.8659027209474404,4.0,0.0,channel_outliers,,1.0,,,,,,,,0.01,100.0,6.0,,,,
INT8,ChannelOutlier(σ=100),8,0.5719960356313912,17.706732413887877,0.19975728084105576,15.580612182617188,2.941024593717343,8.0,0.0,channel_outliers,,1.0,,,,,,,,0.01,100.0,6.0,,,,
MXINT4,ChannelOutlier(σ=100),4,1.9449332681383473,12.39161555194934,0.7406473421154891,23.080612182617188,2.058202792153184,4.0,0.25,channel_outliers,,1.0625,,,,,,,,0.01,100.0,6.0,,,,
MXINT8,ChannelOutlier(σ=100),8,0.591772162060115,17.559117288249723,0.375245190885548,15.580612182617188,2.9165062520629577,8.0,0.25,channel_outliers,,1.03125,,,,,,,,0.01,100.0,6.0,,,,
MXFP4,ChannelOutlier(σ=100),4,3.8644177139199103,9.409821960165758,0.6917739644150736,31.080612182617188,1.5629375968681352,4.0,0.25,channel_outliers,,1.0625,,,,,,,,0.01,100.0,6.0,,,,
MXFP8,ChannelOutlier(σ=100),8,1.7126064459077892,12.944086859140615,0.3718725272746505,23.080612182617188,2.149966290002076,8.0,0.25,channel_outliers,,1.03125,,,,,,,,0.01,100.0,6.0,,,,
NVFP4,ChannelOutlier(σ=100),4,4.263543033210671,8.982956093952856,19.966980564293515,31.080612182617188,1.4920367111820818,4.0,0.0,channel_outliers,,,,,,,,,,0.01,100.0,6.0,,,,
NF4,ChannelOutlier(σ=100),4,1.334069525662446,14.028877965683279,19.8556661945412,10.243385314941406,2.3301461926974776,4.0,0.0,channel_outliers,,1.0,,,,,,,,0.01,100.0,6.0,,,,
FP6,ChannelOutlier(σ=100),6,0.008242676350829889,36.11998012620194,0.15222652363093064,1.0538406372070312,5.99939883840017,6.0,0.0,channel_outliers,,1.0,,,,,,,,0.01,100.0,6.0,,,,
SQ-Format,ChannelOutlier(σ=100),4,0.5748642380444743,17.685009679103494,1.1070731015258053,15.580612182617188,2.937416525568442,5.04,1.0,channel_outliers,,1.26,4.0,8.0,0.01,,,,,0.01,100.0,6.0,,,,
HAD+INT4(C),ChannelOutlier(σ=100),4,0.2990161726690999,20.52371581872604,0.23435171681061312,2.8931121826171875,3.4089154094855108,4.0,0.0,channel_outliers,,1.0,,,,,,,,0.01,100.0,6.0,,,,
HAD+INT8(C),ChannelOutlier(σ=100),8,0.01168495557685908,34.60439194542881,0.13967594110941373,0.42502155900001526,5.747665090500695,8.0,0.0,channel_outliers,,1.0,,,,,,,,0.01,100.0,6.0,,,,
HAD+INT4(T),ChannelOutlier(σ=100),4,0.2990161726690999,20.52371581872604,0.23435171681061312,2.8931121826171875,3.4089154094855108,4.0,0.0,channel_outliers,,1.0,,,,,,,,0.01,100.0,6.0,,,,
HAD+INT8(T),ChannelOutlier(σ=100),8,0.01168495557685908,34.60439194542881,0.13967594110941373,0.42502155900001526,5.747665090500695,8.0,0.0,channel_outliers,,1.0,,,,,,,,0.01,100.0,6.0,,,,
HAD+SQ,ChannelOutlier(σ=100),4,0.25367948661529477,21.237809100853646,0.24159137779555884,2.5415496826171875,3.527523736299011,5.04,1.0,channel_outliers,,1.26,4.0,8.0,0.01,,,,,0.01,100.0,6.0,,,,
HAD+LUT4,ChannelOutlier(σ=100),4,0.44212540375252257,18.82520790776133,0.22395052903808624,2.506723403930664,3.126799352044405,4.0,0.0,channel_outliers,,1.0,,,,,,,,0.01,100.0,6.0,,,,
RandRot+INT4,ChannelOutlier(σ=100),4,0.3943521123901008,19.321820886863488,0.13207070599433032,2.185586929321289,3.2092849824226635,4.0,0.0,channel_outliers,,1.0,,,,,,,,0.01,100.0,6.0,,,,
RandRot+INT8,ChannelOutlier(σ=100),8,0.018516029466031994,32.60518396961671,0.003521498623480978,0.6987505406141281,5.41560383338204,8.0,0.0,channel_outliers,,1.0,,,,,,,,0.01,100.0,6.0,,,,
SmoothQuant+INT4,ChannelOutlier(σ=100),4,0.9498300195762304,15.504203687696288,19.91141125461661,2.964528799057007,2.575192490950727,4.0,0.0,channel_outliers,,1.0,,,,,,,,0.01,100.0,6.0,,,,
SmoothQuant+INT8,ChannelOutlier(σ=100),8,0.03538397505239419,29.792596400396988,0.01496153413472806,0.3109356760978699,4.948443150105943,8.0,0.0,channel_outliers,,1.0,,,,,,,,0.01,100.0,6.0,,,,
HAD+INT4,ChannelOutlier(σ=100),4,0.2990161726690999,20.52371581872604,0.23435171681061312,2.8931121826171875,3.4089154094855108,4.0,0.0,channel_outliers,,1.0,,,,,,,,0.01,100.0,6.0,,,,
HAD+INT8,ChannelOutlier(σ=100),8,0.01168495557685908,34.60439194542881,0.13967594110941373,0.42502155900001526,5.747665090500695,8.0,0.0,channel_outliers,,1.0,,,,,,,,0.01,100.0,6.0,,,,
FP32,Spiky(10×),32,0.0,inf,0.0,0.0,inf,32.0,0.0,spiky_outliers,,,,,,,,,,,,,0.001,10.0,1.0,
BF16,Spiky(10×),16,1.0031033380894246e-05,50.55416724935195,0.05287815216998291,0.015153169631958008,8.39686542496284,16.0,0.0,spiky_outliers,,,,,,,,,,,,,0.001,10.0,1.0,
INT4,Spiky(10×),4,0.10220638122780254,10.47284388874135,23.832148131910817,3.0,1.7395017173689655,4.0,0.0,spiky_outliers,,1.0,,,,,,,,,,,0.001,10.0,1.0,
INT8,Spiky(10×),8,0.008645876482547082,21.199533737906453,5.167520378806769,2.0625,3.5211663361231977,8.0,0.0,spiky_outliers,,1.0,,,,,,,,,,,0.001,10.0,1.0,
MXINT4,Spiky(10×),4,0.052485367203985854,13.36724160569226,16.37856345946257,3.0,2.2202507720548192,4.0,0.25,spiky_outliers,,1.0625,,,,,,,,,,,0.001,10.0,1.0,
MXINT8,Spiky(10×),8,0.02750939647450021,16.17281338020704,1.0494507570880238,2.0625,2.686246157054001,8.0,0.25,spiky_outliers,,1.03125,,,,,,,,,,,0.001,10.0,1.0,
MXFP4,Spiky(10×),4,0.07154609955330268,12.021764380747921,18.51486766071081,4.0,1.996771842326135,4.0,0.25,spiky_outliers,,1.0625,,,,,,,,,,,0.001,10.0,1.0,
MXFP8,Spiky(10×),8,0.045350900194652335,14.00176488549235,6.436164875038731,3.0,2.325642807556218,8.0,0.25,spiky_outliers,,1.03125,,,,,,,,,,,0.001,10.0,1.0,
NVFP4,Spiky(10×),4,0.05389633461970841,13.252031698729322,22.26494551409881,4.0,2.2011148207173417,4.0,0.0,spiky_outliers,,,,,,,,,,,,,0.001,10.0,1.0,
NF4,Spiky(10×),4,0.06510314190255295,12.431604522860605,23.609812246918,0.4858816862106323,2.064844816450972,4.0,0.0,spiky_outliers,,1.0,,,,,,,,,,,0.001,10.0,1.0,
FP6,Spiky(10×),6,0.002479770135371302,26.623509752221533,11.54945892696903,0.1756829023361206,4.422069251520619,6.0,0.0,spiky_outliers,,1.0,,,,,,,,,,,0.001,10.0,1.0,
SQ-Format,Spiky(10×),4,0.021177493909704553,17.30887835060628,20.761367227852446,2.0625,2.874942464193332,5.04,1.0,spiky_outliers,,1.26,4.0,8.0,0.01,,,,,,,,0.001,10.0,1.0,
HAD+INT4(C),Spiky(10×),4,0.012331553259180866,19.657446176233293,1.1051955373918783,0.332323944196105,3.2650311363282767,4.0,0.0,spiky_outliers,,1.0,,,,,,,,,,,0.001,10.0,1.0,
HAD+INT8(C),Spiky(10×),8,0.0002162490827307958,37.21808126595115,0.17034129890450891,0.03515493869781494,6.1817894897582075,8.0,0.0,spiky_outliers,,1.0,,,,,,,,,,,0.001,10.0,1.0,
HAD+INT4(T),Spiky(10×),4,0.012331553259180866,19.657446176233293,1.1051955373918783,0.332323944196105,3.2650311363282767,4.0,0.0,spiky_outliers,,1.0,,,,,,,,,,,0.001,10.0,1.0,
HAD+INT8(T),Spiky(10×),8,0.0002162490827307958,37.21808126595115,0.17034129890450891,0.03515493869781494,6.1817894897582075,8.0,0.0,spiky_outliers,,1.0,,,,,,,,,,,0.001,10.0,1.0,
HAD+SQ,Spiky(10×),4,0.010441955188019852,20.3798057548776,0.6873133404496965,0.305956756696105,3.385012465273753,5.04,1.0,spiky_outliers,,1.26,4.0,8.0,0.01,,,,,,,,0.001,10.0,1.0,
HAD+LUT4,Spiky(10×),4,0.020155308983612806,17.523729402447344,0.9787151719198268,0.41554123908281326,2.9106284514596776,4.0,0.0,spiky_outliers,,1.0,,,,,,,,,,,0.001,10.0,1.0,
RandRot+INT4,Spiky(10×),4,0.019343933498508558,17.702176100968764,0.7065152328239237,0.44279761612415314,2.940267806522588,4.0,0.0,spiky_outliers,,1.0,,,,,,,,,,,0.001,10.0,1.0,
RandRot+INT8,Spiky(10×),8,0.030596544195568624,15.710900238202544,0.8060891589370107,1.032414436340332,2.6095240448628796,8.0,0.0,spiky_outliers,,1.0,,,,,,,,,,,0.001,10.0,1.0,
SmoothQuant+INT4,Spiky(10×),4,0.16403723715698265,8.418199546271406,24.353225346356822,0.713076114654541,1.3982326790563515,4.0,0.0,spiky_outliers,,1.0,,,,,,,,,,,0.001,10.0,1.0,
SmoothQuant+INT8,Spiky(10×),8,0.0005111991034490442,33.48172317101104,8.87778380224893,0.03935432434082031,5.5611938433511385,8.0,0.0,spiky_outliers,,1.0,,,,,,,,,,,0.001,10.0,1.0,
HAD+INT4,Spiky(10×),4,0.012331553259180866,19.657446176233293,1.1051955373918783,0.332323944196105,3.2650311363282767,4.0,0.0,spiky_outliers,,1.0,,,,,,,,,,,0.001,10.0,1.0,
HAD+INT8,Spiky(10×),8,0.0002162490827307958,37.21808126595115,0.17034129890450891,0.03515493869781494,6.1817894897582075,8.0,0.0,spiky_outliers,,1.0,,,,,,,,,,,0.001,10.0,1.0,
FP32,Spiky(50×),32,0.0,inf,0.0,0.0,inf,32.0,0.0,spiky_outliers,,,,,,,,,,,,,0.001,50.0,1.0,
BF16,Spiky(50×),16,1.0031033380894246e-05,57.63638056346174,0.0012386013021728104,0.015153169631958008,9.573195594069173,16.0,0.0,spiky_outliers,,,,,,,,,,,,,0.001,50.0,1.0,
INT4,Spiky(50×),4,1.7773293752260322,5.152158131382638,23.982309550087873,22.0,0.8557549422971179,4.0,0.0,spiky_outliers,,1.0,,,,,,,,,,,0.001,50.0,1.0,
INT8,Spiky(50×),8,0.6559884681490763,9.480875271609294,3.35443771160326,18.25,1.5747392964440883,8.0,0.0,spiky_outliers,,1.0,,,,,,,,,,,0.001,50.0,1.0,
MXINT4,Spiky(50×),4,1.0366194009919814,7.493643993116967,3.1395457801608244,22.0,1.2446673256909588,4.0,0.25,spiky_outliers,,1.0625,,,,,,,,,,,0.001,50.0,1.0,
MXINT8,Spiky(50×),8,0.6701197849477586,9.388312915388115,0.7124398359413717,18.25,1.5593650218610828,8.0,0.25,spiky_outliers,,1.03125,,,,,,,,,,,0.001,50.0,1.0,
MXFP4,Spiky(50×),4,0.1070486271026999,17.354026301440744,6.002423981004738,2.0,2.8824413765085115,4.0,0.25,spiky_outliers,,1.0625,,,,,,,,,,,0.001,50.0,1.0,
MXFP8,Spiky(50×),8,0.9730852751946524,7.768328311618308,0.7434199520062115,22.0,1.2902914034336885,8.0,0.25,spiky_outliers,,1.03125,,,,,,,,,,,0.001,50.0,1.0,
NVFP4,Spiky(50×),4,0.839829375226032,8.407926708374902,23.982309550087873,2.0,1.3965263976152202,4.0,0.0,spiky_outliers,,,,,,,,,,,,,0.001,50.0,1.0,
NF4,Spiky(50×),4,0.8570317951428088,8.31986797814973,24.29475202647048,2.261212110519409,1.3819001591184652,4.0,0.0,spiky_outliers,,1.0,,,,,,,,,,,0.001,50.0,1.0,
FP6,Spiky(50×),6,0.003124954410498729,32.70140046121112,0.8003065466715754,0.21993279457092285,5.431585046712989,6.0,0.0,spiky_outliers,,1.0,,,,,,,,,,,0.001,50.0,1.0,
SQ-Format,Spiky(50×),4,0.6634378650350078,9.431834771864567,4.191778779770839,18.25,1.566593845749622,5.04,1.0,spiky_outliers,,1.26,4.0,8.0,0.01,,,,,,,,0.001,50.0,1.0,
HAD+INT4(C),Spiky(50×),4,0.3038279090693209,12.82356067142614,1.5746730153487072,6.140625,2.129947323545157,4.0,0.0,spiky_outliers,,1.0,,,,,,,,,,,0.001,50.0,1.0,
HAD+INT8(C),Spiky(50×),8,0.15640638654797803,15.707292493398379,0.9802101428163834,3.5986328125,2.608924811421672,8.0,0.0,spiky_outliers,,1.0,,,,,,,,,,,0.001,50.0,1.0,
HAD+INT4(T),Spiky(50×),4,0.3038279090693209,12.82356067142614,1.5746730153487072,6.140625,2.129947323545157,4.0,0.0,spiky_outliers,,1.0,,,,,,,,,,,0.001,50.0,1.0,
HAD+INT8(T),Spiky(50×),8,0.15640638654797803,15.707292493398379,0.9802101428163834,3.5986328125,2.608924811421672,8.0,0.0,spiky_outliers,,1.0,,,,,,,,,,,0.001,50.0,1.0,
HAD+SQ,Spiky(50×),4,0.28821338967644894,13.052695788020497,1.5686588164382256,6.052734375,2.1680058426121613,5.04,1.0,spiky_outliers,,1.26,4.0,8.0,0.01,,,,,,,,0.001,50.0,1.0,
HAD+LUT4,Spiky(50×),4,0.06310673100812073,19.64908048120716,0.12693352530250626,0.8112845122814178,3.2636416244612483,4.0,0.0,spiky_outliers,,1.0,,,,,,,,,,,0.001,50.0,1.0,
RandRot+INT4,Spiky(50×),4,0.08951464391665559,18.13089643578489,0.0840114754932153,0.9282152652740479,3.011476712776348,4.0,0.0,spiky_outliers,,1.0,,,,,,,,,,,0.001,50.0,1.0,
RandRot+INT8,Spiky(50×),8,0.0020403062792877396,34.552883658276116,0.05036139903799152,0.1763153374195099,5.739109749190092,8.0,0.0,spiky_outliers,,1.0,,,,,,,,,,,0.001,50.0,1.0,
SmoothQuant+INT4,Spiky(50×),4,0.9443154159970395,7.898666523654963,24.27462455055472,2.964528799057007,1.311940111853786,4.0,0.0,spiky_outliers,,1.0,,,,,,,,,,,0.001,50.0,1.0,
SmoothQuant+INT8,Spiky(50×),8,0.012462477631052606,26.693793401853306,12.048334484918083,0.19677609205245972,4.43374311303677,8.0,0.0,spiky_outliers,,1.0,,,,,,,,,,,0.001,50.0,1.0,
HAD+INT4,Spiky(50×),4,0.3038279090693209,12.82356067142614,1.5746730153487072,6.140625,2.129947323545157,4.0,0.0,spiky_outliers,,1.0,,,,,,,,,,,0.001,50.0,1.0,
HAD+INT8,Spiky(50×),8,0.15640638654797803,15.707292493398379,0.9802101428163834,3.5986328125,2.608924811421672,8.0,0.0,spiky_outliers,,1.0,,,,,,,,,,,0.001,50.0,1.0,
FP32,Spiky(100×),32,0.0,inf,0.0,0.0,inf,32.0,0.0,spiky_outliers,,,,,,,,,,,,,0.001,100.0,1.0,
BF16,Spiky(100×),16,1.0031033380894246e-05,63.092243495672726,0.0,0.015153169631958008,10.479394811887483,16.0,0.0,spiky_outliers,,,,,,,,,,,,,0.001,100.0,1.0,
INT4,Spiky(100×),4,4.72556541599704,6.361162457285044,22.3833649637191,44.0,1.0565662141498957,4.0,0.0,spiky_outliers,,1.0,,,,,,,,,,,0.001,100.0,1.0,
INT8,Spiky(100×),8,2.6227415084293866,8.918145356089095,4.513279633102822,36.5,1.481271880634081,8.0,0.0,spiky_outliers,,1.0,,,,,,,,,,,0.001,100.0,1.0,
MXINT4,Spiky(100×),4,3.884238740815705,7.2126410968151236,1.545388884246165,44.0,1.197993754892468,4.0,0.25,spiky_outliers,,1.0625,,,,,,,,,,,0.001,100.0,1.0,
MXINT8,Spiky(100×),8,2.6221402533709024,8.91914107636314,0.38307172900823505,36.5,1.4814372661917312,8.0,0.25,spiky_outliers,,1.03125,,,,,,,,,,,0.001,100.0,1.0,
MXFP4,Spiky(100×),4,0.14216796692642272,21.577682723765594,3.104930599190543,4.0,3.5839755231321297,4.0,0.25,spiky_outliers,,1.0625,,,,,,,,,,,0.001,100.0,1.0,
MXFP8,Spiky(100×),8,3.809022775194653,7.297564557752141,0.4190938724166573,44.0,1.2120992364325553,8.0,0.25,spiky_outliers,,1.03125,,,,,,,,,,,0.001,100.0,1.0,
NVFP4,Spiky(100×),4,0.9755654159970395,13.213136291278907,22.3833649637191,4.0,2.1946544333787603,4.0,0.0,spiky_outliers,,,,,,,,,,,,,0.001,100.0,1.0,
NF4,Spiky(100×),4,0.9443154159970395,13.354529455865947,22.338392598623614,2.964528799057007,2.2181393296720966,4.0,0.0,spiky_outliers,,1.0,,,,,,,,,,,0.001,100.0,1.0,
FP6,Spiky(100×),6,0.005055379080039478,36.06816298280733,0.036762118611043386,0.21993279457092285,5.990792197178202,6.0,0.0,spiky_outliers,,1.0,,,,,,,,,,,0.001,100.0,1.0,
SQ-Format,Spiky(100×),4,2.6149759509725086,8.931023260442302,1.1195740257232352,36.5,1.4834108542477906,5.04,1.0,spiky_outliers,,1.26,4.0,8.0,0.01,,,,,,,,0.001,100.0,1.0,
HAD+INT4(C),Spiky(100×),4,0.2068462562182779,19.949223603529916,0.4091037671593803,3.875,3.3134943179878067,4.0,0.0,spiky_outliers,,1.0,,,,,,,,,,,0.001,100.0,1.0,
HAD+INT8(C),Spiky(100×),8,0.04140200977944128,26.935486016027916,0.24203279778487424,1.14453125,4.47388738730444,8.0,0.0,spiky_outliers,,1.0,,,,,,,,,,,0.001,100.0,1.0,
HAD+INT4(T),Spiky(100×),4,0.2068462562182779,19.949223603529916,0.4091037671593803,3.875,3.3134943179878067,4.0,0.0,spiky_outliers,,1.0,,,,,,,,,,,0.001,100.0,1.0,
HAD+INT8(T),Spiky(100×),8,0.04140200977944128,26.935486016027916,0.24203279778487424,1.14453125,4.47388738730444,8.0,0.0,spiky_outliers,,1.0,,,,,,,,,,,0.001,100.0,1.0,
HAD+SQ,Spiky(100×),4,0.18231201113370588,20.49754743295333,0.40439709612809493,3.69921875,3.4045689346907,5.04,1.0,spiky_outliers,,1.26,4.0,8.0,0.01,,,,,,,,0.001,100.0,1.0,
HAD+LUT4,Spiky(100×),4,0.1562296016150483,21.168066998937135,0.07848475697809262,1.2181125581264496,3.5159398239113644,4.0,0.0,spiky_outliers,,1.0,,,,,,,,,,,0.001,100.0,1.0,
RandRot+INT4,Spiky(100×),4,0.34494231190948765,17.72823555395471,0.07755101429197286,1.946300208568573,2.9445961879731586,4.0,0.0,spiky_outliers,,1.0,,,,,,,,,,,0.001,100.0,1.0,
RandRot+INT8,Spiky(100×),8,1.6204345733784509,11.009385245498432,0.1267508270564713,21.98920440673828,1.8286193077229824,8.0,0.0,spiky_outliers,,1.0,,,,,,,,,,,0.001,100.0,1.0,
SmoothQuant+INT4,Spiky(100×),4,0.9443154159970395,13.354529455865947,22.338392598623614,2.964528799057007,2.2181393296720966,4.0,0.0,spiky_outliers,,1.0,,,,,,,,,,,0.001,100.0,1.0,
SmoothQuant+INT8,Spiky(100×),8,0.054465945500105445,25.744449780527564,13.651180295013152,0.39366039633750916,4.276060550667565,8.0,0.0,spiky_outliers,,1.0,,,,,,,,,,,0.001,100.0,1.0,
HAD+INT4,Spiky(100×),4,0.2068462562182779,19.949223603529916,0.4091037671593803,3.875,3.3134943179878067,4.0,0.0,spiky_outliers,,1.0,,,,,,,,,,,0.001,100.0,1.0,
HAD+INT8,Spiky(100×),8,0.04140200977944128,26.935486016027916,0.24203279778487424,1.14453125,4.47388738730444,8.0,0.0,spiky_outliers,,1.0,,,,,,,,,,,0.001,100.0,1.0,
FP32,LogNormal(σ=1.0),32,0.0,inf,0.0,0.0,inf,32.0,0.0,log_normal,1.0,,,,,,,,,,,,,,,0.0
BF16,LogNormal(σ=1.0),16,5.908116134698224e-05,50.46612307696283,0.14164173835638733,0.05745410919189453,8.382241604470314,16.0,0.0,log_normal,1.0,,,,,,,,,,,,,,,0.0
INT4,LogNormal(σ=1.0),4,0.42101752223799305,11.937611602421487,24.609707755520176,4.427837371826172,1.9827943683968643,4.0,0.0,log_normal,1.0,1.0,,,,,,,,,,,,,,0.0
INT8,LogNormal(σ=1.0),8,0.025223410944921837,24.162575157033856,1.6490985752973593,2.552837371826172,4.013316862948909,8.0,0.0,log_normal,1.0,1.0,,,,,,,,,,,,,,0.0
MXINT4,LogNormal(σ=1.0),4,0.3776675501850276,12.40951660126122,15.32527186191351,6.4324541091918945,2.0611760920850393,4.0,0.25,log_normal,1.0,1.0625,,,,,,,,,,,,,,0.0
MXINT8,LogNormal(σ=1.0),8,0.15489319735035134,16.28028986570682,0.9021034067339535,5.4949541091918945,2.7040976148900744,8.0,0.25,log_normal,1.0,1.03125,,,,,,,,,,,,,,0.0
MXFP4,LogNormal(σ=1.0),4,0.42785362154437645,11.867661188593155,14.431302864071425,6.427837371826172,1.9711758561495973,4.0,0.25,log_normal,1.0,1.0625,,,,,,,,,,,,,,0.0
MXFP8,LogNormal(σ=1.0),8,0.29886975155846035,13.425793687027102,3.365010656970714,6.4324541091918945,2.229976062254836,8.0,0.25,log_normal,1.0,1.03125,,,,,,,,,,,,,,0.0
NVFP4,LogNormal(σ=1.0),4,0.2747156452515937,13.791779377580431,23.19095878199992,6.427837371826172,2.2907649696436287,4.0,0.0,log_normal,1.0,,,,,,,,,,,,,,,0.0
NF4,LogNormal(σ=1.0),4,0.23080693908206723,14.54812469761211,23.83844938441092,1.1245241165161133,2.416391208046119,4.0,0.0,log_normal,1.0,1.0,,,,,,,,,,,,,,0.0
FP6,LogNormal(σ=1.0),6,0.015470479589893164,26.28557554084802,9.361255099079164,0.765498161315918,4.365939593971355,6.0,0.0,log_normal,1.0,1.0,,,,,,,,,,,,,,0.0
SQ-Format,LogNormal(σ=1.0),4,0.13104154636504428,17.006523218935246,22.866491881050102,2.552837371826172,2.8247223638667633,5.04,1.0,log_normal,1.0,1.26,4.0,8.0,0.01,,,,,,,,,,,0.0
HAD+INT4(C),LogNormal(σ=1.0),4,0.16795893870368128,15.928582095015017,2.129169748579873,1.392357587814331,2.645680218657509,4.0,0.0,log_normal,1.0,1.0,,,,,,,,,,,,,,0.0
HAD+INT8(C),LogNormal(σ=1.0),8,0.06796144900862508,19.857987013580857,1.5589752165184212,0.6878634691238403,3.298340248416132,8.0,0.0,log_normal,1.0,1.0,,,,,,,,,,,,,,0.0
HAD+INT4(T),LogNormal(σ=1.0),4,0.16795893870368128,15.928582095015017,2.129169748579873,1.392357587814331,2.645680218657509,4.0,0.0,log_normal,1.0,1.0,,,,,,,,,,,,,,0.0
HAD+INT8(T),LogNormal(σ=1.0),8,0.06796144900862508,19.857987013580857,1.5589752165184212,0.6878634691238403,3.298340248416132,8.0,0.0,log_normal,1.0,1.0,,,,,,,,,,,,,,0.0
HAD+SQ,LogNormal(σ=1.0),4,0.13052911614368123,17.023539339937948,1.4657145680871058,1.216576337814331,2.8275486803880066,5.04,1.0,log_normal,1.0,1.26,4.0,8.0,0.01,,,,,,,,,,,0.0
HAD+LUT4,LogNormal(σ=1.0),4,0.19374435942608192,15.30832263727304,1.4753060362192583,1.3292155265808105,2.5426573527178755,4.0,0.0,log_normal,1.0,1.0,,,,,,,,,,,,,,0.0
RandRot+INT4,LogNormal(σ=1.0),4,0.09003969669296566,18.636273078930113,1.4247551834955523,1.113430216908455,3.0954179562445474,4.0,0.0,log_normal,1.0,1.0,,,,,,,,,,,,,,0.0
RandRot+INT8,LogNormal(σ=1.0),8,0.0003671679929672485,42.53196515715051,0.09983531245092848,0.06456398963928223,7.064406499315433,8.0,0.0,log_normal,1.0,1.0,,,,,,,,,,,,,,0.0
SmoothQuant+INT4,LogNormal(σ=1.0),4,0.589886325401277,10.472930026841807,24.86577958873195,1.3143388032913208,1.7395160245977628,4.0,0.0,log_normal,1.0,1.0,,,,,,,,,,,,,,0.0
SmoothQuant+INT8,LogNormal(σ=1.0),8,0.0016982312522132868,35.88064502409223,4.086953132552445,0.07243570685386658,5.959646138410621,8.0,0.0,log_normal,1.0,1.0,,,,,,,,,,,,,,0.0
HAD+INT4,LogNormal(σ=1.0),4,0.16795893870368128,15.928582095015017,2.129169748579873,1.392357587814331,2.645680218657509,4.0,0.0,log_normal,1.0,1.0,,,,,,,,,,,,,,0.0
HAD+INT8,LogNormal(σ=1.0),8,0.06796144900862508,19.857987013580857,1.5589752165184212,0.6878634691238403,3.298340248416132,8.0,0.0,log_normal,1.0,1.0,,,,,,,,,,,,,,0.0
FP32,LogNormal(σ=2.0),32,0.0,inf,0.0,0.0,inf,32.0,0.0,log_normal,2.0,,,,,,,,,,,,,,,0.0
BF16,LogNormal(σ=2.0),16,0.013176746640644502,47.339411890469556,0.047720991384896105,1.6639404296875,7.862906117719784,16.0,0.0,log_normal,2.0,,,,,,,,,,,,,,,0.0
INT4,LogNormal(σ=2.0),4,67.56161535465728,10.240493598291566,16.793119234475608,115.585205078125,1.7009091694839467,4.0,0.0,log_normal,2.0,1.0,,,,,,,,,,,,,,0.0
INT8,LogNormal(σ=2.0),8,26.95278283888112,14.231457723894733,0.6628605265803487,85.585205078125,2.3637939622103836,8.0,0.0,log_normal,2.0,1.0,,,,,,,,,,,,,,0.0
MXINT4,LogNormal(σ=2.0),4,68.77177775172389,10.163391335457801,1.8360365902472902,115.585205078125,1.6881027608296029,4.0,0.25,log_normal,2.0,1.0625,,,,,,,,,,,,,,0.0
MXINT8,LogNormal(σ=2.0),8,44.504336745591644,12.053470514844534,0.506246145554901,85.585205078125,2.0020381172079245,8.0,0.25,log_normal,2.0,1.03125,,,,,,,,,,,,,,0.0
MXFP4,LogNormal(σ=2.0),4,104.51898357114916,8.345542069153998,2.3578319965831582,147.585205078125,1.386164533329354,4.0,0.25,log_normal,2.0,1.0625,,,,,,,,,,,,,,0.0
MXFP8,LogNormal(σ=2.0),8,65.88898473126169,10.349365689014435,1.1060462528635797,115.585205078125,1.718992432330018,8.0,0.25,log_normal,2.0,1.03125,,,,,,,,,,,,,,0.0
NVFP4,LogNormal(σ=2.0),4,90.62399388039123,8.96506186542447,13.420094502633203,147.585205078125,1.4890645441578427,4.0,0.0,log_normal,2.0,,,,,,,,,,,,,,,0.0
NF4,LogNormal(σ=2.0),4,17.404863308808416,16.13078767703632,13.736576289622382,19.583465576171875,2.6792658388504904,4.0,0.0,log_normal,2.0,1.0,,,,,,,,,,,,,,0.0
FP6,LogNormal(σ=2.0),6,0.9223294291859769,28.888633184622122,1.4944308682465477,10.638214111328125,4.79829810994458,6.0,0.0,log_normal,2.0,1.0,,,,,,,,,,,,,,0.0
SQ-Format,LogNormal(σ=2.0),4,30.813473484754667,13.650087271245514,13.055942150095722,85.585205078125,2.2672304202007423,5.04,1.0,log_normal,2.0,1.26,4.0,8.0,0.01,,,,,,,,,,,0.0
HAD+INT4(C),LogNormal(σ=2.0),4,10.870624881804561,18.1749487497302,0.9544353800990563,11.318425253033638,3.0187936437433343,4.0,0.0,log_normal,2.0,1.0,,,,,,,,,,,,,,0.0
HAD+INT8(C),LogNormal(σ=2.0),8,15.786708859450044,16.55457784827387,1.1134597745840433,20.038330078125,2.7496558626590475,8.0,0.0,log_normal,2.0,1.0,,,,,,,,,,,,,,0.0
HAD+INT4(T),LogNormal(σ=2.0),4,10.870624881804561,18.1749487497302,0.9544353800990563,11.318425253033638,3.0187936437433343,4.0,0.0,log_normal,2.0,1.0,,,,,,,,,,,,,,0.0
HAD+INT8(T),LogNormal(σ=2.0),8,15.786708859450044,16.55457784827387,1.1134597745840433,20.038330078125,2.7496558626590475,8.0,0.0,log_normal,2.0,1.0,,,,,,,,,,,,,,0.0
HAD+SQ,LogNormal(σ=2.0),4,26.74238443455559,14.265492568478713,1.0985178355295824,31.928955078125,2.3694470275318156,5.04,1.0,log_normal,2.0,1.26,4.0,8.0,0.01,,,,,,,,,,,0.0
HAD+LUT4,LogNormal(σ=2.0),4,16.386439181969678,16.392647941086295,0.905569584784338,14.642805099487305,2.722759887254602,4.0,0.0,log_normal,2.0,1.0,,,,,,,,,,,,,,0.0
RandRot+INT4,LogNormal(σ=2.0),4,20.67957589400526,15.382077567455879,1.1576165101090623,41.607940673828125,2.554907781453417,4.0,0.0,log_normal,2.0,1.0,,,,,,,,,,,,,,0.0
RandRot+INT8,LogNormal(σ=2.0),8,8.766927275431875,19.109019806007023,0.44443625362332095,24.138336181640625,3.173939487966689,8.0,0.0,log_normal,2.0,1.0,,,,,,,,,,,,,,0.0
SmoothQuant+INT4,LogNormal(σ=2.0),4,34.827125981353504,13.118317476471146,13.819535241943983,23.96670913696289,2.1789053691370697,4.0,0.0,log_normal,2.0,1.0,,,,,,,,,,,,,,0.0
SmoothQuant+INT8,LogNormal(σ=2.0),8,0.42953827314524157,32.20747517724237,7.156712321125728,1.3295645713806152,5.349545832833439,8.0,0.0,log_normal,2.0,1.0,,,,,,,,,,,,,,0.0
HAD+INT4,LogNormal(σ=2.0),4,10.870624881804561,18.1749487497302,0.9544353800990563,11.318425253033638,3.0187936437433343,4.0,0.0,log_normal,2.0,1.0,,,,,,,,,,,,,,0.0
HAD+INT8,LogNormal(σ=2.0),8,15.786708859450044,16.55457784827387,1.1134597745840433,20.038330078125,2.7496558626590475,8.0,0.0,log_normal,2.0,1.0,,,,,,,,,,,,,,0.0
